dataset,video,event_id,onset_frame,duration
BMC,111,0,1,1499
BMC,112,0,1,1502
BMC,121,0,1,1499
BMC,122,0,1,1503
BMC,211,0,1,1499
BMC,212,0,1,1499
BMC,221,0,1,1499
BMC,222,0,1,1499
BMC,311,0,1,180
BMC,311,1,182,1318
BMC,312,0,1,603
BMC,312,1,605,895
BMC,321,0,1,40
BMC,321,1,42,1458
BMC,322,0,5,1
BMC,322,1,7,5
BMC,322,2,14,1
BMC,322,3,18,3
BMC,322,4,24,19
BMC,322,5,45,6
BMC,322,6,52,2
BMC,322,7,55,4
BMC,322,8,60,2
BMC,322,9,64,2
BMC,322,10,74,2
BMC,322,11,78,21
BMC,322,12,100,2
BMC,322,13,103,1
BMC,322,14,106,20
BMC,322,15,127,1
BMC,322,16,129,2
BMC,322,17,132,1
BMC,322,18,135,1
BMC,322,19,137,3
BMC,322,20,142,2
BMC,322,21,148,3
BMC,322,22,152,1
BMC,322,23,155,2
BMC,322,24,158,94
BMC,322,25,253,12
BMC,322,26,268,7
BMC,322,27,276,3
BMC,322,28,280,39
BMC,322,29,320,1
BMC,322,30,322,1
BMC,322,31,324,29
BMC,322,32,356,23
BMC,322,33,380,2
BMC,322,34,384,9
BMC,322,35,398,836
BMC,322,36,1235,59
BMC,322,37,1295,31
BMC,322,38,1327,3
BMC,322,39,1331,23
BMC,322,40,1355,17
BMC,322,41,1373,12
BMC,322,42,1386,15
BMC,322,43,1402,2
BMC,322,44,1405,13
BMC,322,45,1419,83
BMC,411,0,1,5
BMC,411,1,7,2
BMC,411,2,10,4
BMC,411,3,16,1
BMC,411,4,20,1
BMC,411,5,22,32
BMC,411,6,55,42
BMC,411,7,100,1
BMC,411,8,102,1
BMC,411,9,104,2
BMC,411,10,108,6
BMC,411,11,115,64
BMC,411,12,183,8
BMC,411,13,192,2
BMC,411,14,201,2
BMC,411,15,206,2
BMC,411,16,211,1
BMC,411,17,217,1
BMC,411,18,220,2
BMC,411,19,224,13
BMC,411,20,238,19
BMC,411,21,258,6
BMC,411,22,265,1
BMC,411,23,267,7
BMC,411,24,275,3
BMC,411,25,280,46
BMC,411,26,327,1
BMC,411,27,330,1
BMC,411,28,332,4
BMC,411,29,338,5
BMC,411,30,344,15
BMC,411,31,360,125
BMC,411,32,486,243
BMC,411,33,730,29
BMC,411,34,761,6
BMC,411,35,769,18
BMC,411,36,788,15
BMC,411,37,808,11
BMC,411,38,820,1
BMC,411,39,822,6
BMC,411,40,829,17
BMC,411,41,847,52
BMC,411,42,900,110
BMC,411,43,1011,10
BMC,411,44,1025,5
BMC,411,45,1031,1
BMC,411,46,1034,18
BMC,411,47,1053,4
BMC,411,48,1058,16
BMC,411,49,1075,20
BMC,411,50,1096,1
BMC,411,51,1098,11
BMC,411,52,1110,4
BMC,411,53,1115,1
BMC,411,54,1117,2
BMC,411,55,1120,7
BMC,411,56,1129,12
BMC,411,57,1143,10
BMC,411,58,1154,4
BMC,411,59,1159,2
BMC,411,60,1163,3
BMC,411,61,1170,72
BMC,411,62,1243,20
BMC,411,63,1266,234
BMC,412,0,1,589
BMC,412,1,591,16
BMC,412,2,608,1
BMC,412,3,610,2
BMC,412,4,613,4
BMC,412,5,618,4
BMC,412,6,623,2
BMC,412,7,628,4
BMC,412,8,633,2
BMC,412,9,636,8
BMC,412,10,646,7
BMC,412,11,654,3
BMC,412,12,658,3
BMC,412,13,662,2
BMC,412,14,665,86
BMC,412,15,752,1
BMC,412,16,754,11
BMC,412,17,766,4
BMC,412,18,771,2
BMC,412,19,777,30
BMC,412,20,809,6
BMC,412,21,818,2
BMC,412,22,821,5
BMC,412,23,827,2
BMC,412,24,830,16
BMC,412,25,847,1
BMC,412,26,849,2
BMC,412,27,854,2
BMC,412,28,857,14
BMC,412,29,872,4
BMC,412,30,877,1
BMC,412,31,879,1
BMC,412,32,881,3
BMC,412,33,885,1
BMC,412,34,890,1
BMC,412,35,892,1
BMC,412,36,895,3
BMC,412,37,899,1
BMC,412,38,902,2
BMC,412,39,905,3
BMC,412,40,909,104
BMC,412,41,1014,486
BMC,421,0,1,2
BMC,421,1,18,1
BMC,421,2,48,1
BMC,421,3,124,2
BMC,421,4,139,2
BMC,421,5,161,1
BMC,421,6,181,3
BMC,421,7,229,1
BMC,421,8,234,1
BMC,421,9,239,1
BMC,421,10,261,1
BMC,421,11,311,1
BMC,421,12,321,1
BMC,421,13,326,1
BMC,421,14,345,4
BMC,421,15,386,1
BMC,421,16,394,3
BMC,421,17,404,1
BMC,421,18,421,1
BMC,421,19,423,9
BMC,421,20,437,1
BMC,421,21,449,2
BMC,421,22,452,5
BMC,421,23,467,1
BMC,421,24,469,2
BMC,421,25,472,1
BMC,421,26,481,1
BMC,421,27,483,1
BMC,421,28,485,1
BMC,421,29,487,3
BMC,421,30,491,2
BMC,421,31,494,160
BMC,421,32,655,1
BMC,421,33,657,1
BMC,421,34,659,2
BMC,421,35,667,11
BMC,421,36,679,6
BMC,421,37,686,6
BMC,421,38,693,32
BMC,421,39,726,96
BMC,421,40,823,5
BMC,421,41,829,2
BMC,421,42,832,8
BMC,421,43,841,56
BMC,421,44,898,2
BMC,421,45,903,1
BMC,421,46,922,7
BMC,421,47,933,4
BMC,421,48,951,1
BMC,421,49,954,1
BMC,421,50,960,1
BMC,421,51,974,2
BMC,421,52,981,3
BMC,421,53,993,466
BMC,421,54,1460,40
BMC,422,0,1,11
BMC,422,1,13,668
BMC,422,2,682,6
BMC,422,3,694,7
BMC,422,4,702,6
BMC,422,5,709,2
BMC,422,6,713,1
BMC,422,7,715,1
BMC,422,8,717,1
BMC,422,9,719,1
BMC,422,10,721,1
BMC,422,11,724,11
BMC,422,12,737,3
BMC,422,13,741,2
BMC,422,14,744,2
BMC,422,15,748,1
BMC,422,16,750,1
BMC,422,17,753,2
BMC,422,18,756,1
BMC,422,19,760,10
BMC,422,20,771,64
BMC,422,21,836,51
BMC,422,22,888,5
BMC,422,23,894,3
BMC,422,24,898,5
BMC,422,25,904,2
BMC,422,26,907,12
BMC,422,27,920,4
BMC,422,28,925,1
BMC,422,29,927,1
BMC,422,30,930,1
BMC,422,31,932,1
BMC,422,32,937,563
BMC,511,0,1,1499
BMC,512,0,1,1499
BMC,521,0,1,269
BMC,521,1,271,47
BMC,521,2,319,10
BMC,521,3,330,1172
BMC,522,0,1,1499
CDnet2014,blizzard,0,904,2
CDnet2014,blizzard,1,908,5
CDnet2014,blizzard,2,914,1
CDnet2014,blizzard,3,916,2
CDnet2014,blizzard,4,919,1
CDnet2014,blizzard,5,921,57
CDnet2014,blizzard,6,979,7
CDnet2014,blizzard,7,987,588
CDnet2014,blizzard,8,1577,5
CDnet2014,blizzard,9,1585,2
CDnet2014,blizzard,10,1593,1
CDnet2014,blizzard,11,1597,1
CDnet2014,blizzard,12,1599,2
CDnet2014,blizzard,13,1604,2
CDnet2014,blizzard,14,1609,3
CDnet2014,blizzard,15,1616,1
CDnet2014,blizzard,16,1621,7
CDnet2014,blizzard,17,1631,1
CDnet2014,blizzard,18,1635,5
CDnet2014,blizzard,19,1641,1
CDnet2014,blizzard,20,1643,3
CDnet2014,blizzard,21,1647,1
CDnet2014,blizzard,22,1676,1
CDnet2014,blizzard,23,1693,1
CDnet2014,blizzard,24,1700,1
CDnet2014,blizzard,25,1713,2
CDnet2014,blizzard,26,1718,1
CDnet2014,blizzard,27,1721,4
CDnet2014,blizzard,28,1726,6
CDnet2014,blizzard,29,1735,2
CDnet2014,blizzard,30,1738,103
CDnet2014,blizzard,31,1849,149
CDnet2014,blizzard,32,1999,4
CDnet2014,blizzard,33,2008,118
CDnet2014,blizzard,34,2129,1
CDnet2014,blizzard,35,2142,1
CDnet2014,blizzard,36,2144,1
CDnet2014,blizzard,37,2146,1
CDnet2014,blizzard,38,2148,1
CDnet2014,blizzard,39,2151,2
CDnet2014,blizzard,40,2154,1
CDnet2014,blizzard,41,2156,1
CDnet2014,blizzard,42,2158,3
CDnet2014,blizzard,43,2165,1
CDnet2014,blizzard,44,3051,174
CDnet2014,blizzard,45,3226,1
CDnet2014,blizzard,46,3228,1
CDnet2014,blizzard,47,3230,2
CDnet2014,blizzard,48,3235,2
CDnet2014,blizzard,49,3238,238
CDnet2014,blizzard,50,3479,2
CDnet2014,blizzard,51,3482,15
CDnet2014,blizzard,52,3524,1
CDnet2014,blizzard,53,3526,2
CDnet2014,blizzard,54,3529,15
CDnet2014,blizzard,55,3545,9
CDnet2014,blizzard,56,3555,7
CDnet2014,blizzard,57,3571,1
CDnet2014,blizzard,58,3573,1
CDnet2014,blizzard,59,4272,1
CDnet2014,blizzard,60,4274,17
CDnet2014,blizzard,61,4292,34
CDnet2014,blizzard,62,4329,1
CDnet2014,blizzard,63,4331,1
CDnet2014,blizzard,64,4580,2
CDnet2014,blizzard,65,4583,70
CDnet2014,blizzard,66,4797,1
CDnet2014,blizzard,67,4800,146
CDnet2014,blizzard,68,5161,109
CDnet2014,blizzard,69,5271,57
CDnet2014,blizzard,70,5453,19
CDnet2014,blizzard,71,5473,23
CDnet2014,blizzard,72,5497,1
CDnet2014,blizzard,73,5499,24
CDnet2014,blizzard,74,5524,4
CDnet2014,blizzard,75,5529,2
CDnet2014,blizzard,76,6122,1
CDnet2014,blizzard,77,6124,3
CDnet2014,blizzard,78,6128,66
CDnet2014,blizzard,79,6195,3
CDnet2014,blizzard,80,6269,53
CDnet2014,blizzard,81,6323,1
CDnet2014,blizzard,82,6381,72
CDnet2014,skating,0,801,3100
CDnet2014,snowFall,0,801,303
CDnet2014,snowFall,1,1105,5
CDnet2014,snowFall,2,1111,2
CDnet2014,snowFall,3,1115,1
CDnet2014,snowFall,4,1310,1
CDnet2014,snowFall,5,1312,1
CDnet2014,snowFall,6,1315,3
CDnet2014,snowFall,7,1319,141
CDnet2014,snowFall,8,2737,112
CDnet2014,snowFall,9,2850,110
CDnet2014,snowFall,10,2961,2
CDnet2014,snowFall,11,3804,1
CDnet2014,snowFall,12,3806,218
CDnet2014,snowFall,13,4025,1
CDnet2014,snowFall,14,4208,237
CDnet2014,snowFall,15,4446,1
CDnet2014,snowFall,16,4448,1
CDnet2014,snowFall,17,4450,12
CDnet2014,snowFall,18,4471,2
CDnet2014,snowFall,19,4474,1
CDnet2014,snowFall,20,4476,1
CDnet2014,snowFall,21,5299,103
CDnet2014,snowFall,22,5405,111
CDnet2014,snowFall,23,5518,1
CDnet2014,snowFall,24,5522,1
CDnet2014,snowFall,25,5670,132
CDnet2014,snowFall,26,5803,2
CDnet2014,snowFall,27,5806,27
CDnet2014,snowFall,28,5834,3
CDnet2014,snowFall,29,5838,6
CDnet2014,snowFall,30,5846,4
CDnet2014,snowFall,31,6437,1
CDnet2014,snowFall,32,6439,37
CDnet2014,snowFall,33,6477,24
CDnet2014,wetSnow,0,501,378
CDnet2014,wetSnow,1,880,51
CDnet2014,wetSnow,2,932,28
CDnet2014,wetSnow,3,962,4
CDnet2014,wetSnow,4,968,14
CDnet2014,wetSnow,5,983,1
CDnet2014,wetSnow,6,985,3
CDnet2014,wetSnow,7,989,9
CDnet2014,wetSnow,8,1001,11
CDnet2014,wetSnow,9,1013,242
CDnet2014,wetSnow,10,1256,3
CDnet2014,wetSnow,11,1260,3
CDnet2014,wetSnow,12,1265,4
CDnet2014,wetSnow,13,1272,44
CDnet2014,wetSnow,14,1317,23
CDnet2014,wetSnow,15,1342,1
CDnet2014,wetSnow,16,1345,7
CDnet2014,wetSnow,17,1353,7
CDnet2014,wetSnow,18,1361,21
CDnet2014,wetSnow,19,1383,9
CDnet2014,wetSnow,20,1398,1
CDnet2014,wetSnow,21,1400,1
CDnet2014,wetSnow,22,1405,1
CDnet2014,wetSnow,23,1408,1
CDnet2014,wetSnow,24,1413,1
CDnet2014,wetSnow,25,1415,38
CDnet2014,wetSnow,26,1455,2
CDnet2014,wetSnow,27,1458,1
CDnet2014,wetSnow,28,1460,54
CDnet2014,wetSnow,29,1515,4
CDnet2014,wetSnow,30,1521,44
CDnet2014,wetSnow,31,1566,2
CDnet2014,wetSnow,32,1569,1
CDnet2014,wetSnow,33,1574,2
CDnet2014,wetSnow,34,1577,1
CDnet2014,wetSnow,35,1580,30
CDnet2014,wetSnow,36,1611,2
CDnet2014,wetSnow,37,1615,1
CDnet2014,wetSnow,38,1617,11
CDnet2014,wetSnow,39,1629,5
CDnet2014,wetSnow,40,1636,127
CDnet2014,wetSnow,41,1765,87
CDnet2014,wetSnow,42,1853,158
CDnet2014,wetSnow,43,2012,4
CDnet2014,wetSnow,44,2018,12
CDnet2014,wetSnow,45,2032,35
CDnet2014,wetSnow,46,2070,1
CDnet2014,wetSnow,47,2072,1
CDnet2014,wetSnow,48,2075,1
CDnet2014,wetSnow,49,2077,40
CDnet2014,wetSnow,50,2118,632
CDnet2014,wetSnow,51,2751,190
CDnet2014,wetSnow,52,2942,143
CDnet2014,wetSnow,53,3091,6
CDnet2014,wetSnow,54,3098,4
CDnet2014,wetSnow,55,3103,26
CDnet2014,wetSnow,56,3130,274
CDnet2014,wetSnow,57,3405,4
CDnet2014,wetSnow,58,3410,91
CDnet2014,highway,0,475,5
CDnet2014,highway,1,484,1
CDnet2014,highway,2,486,3
CDnet2014,highway,3,490,24
CDnet2014,highway,4,515,1186
CDnet2014,office,0,571,1480
CDnet2014,pedestrians,0,301,799
CDnet2014,PETS2006,0,301,893
CDnet2014,PETS2006,1,1195,1
CDnet2014,PETS2006,2,1197,1
CDnet2014,badminton,0,801,18
CDnet2014,badminton,1,820,18
CDnet2014,badminton,2,839,312
CDnet2014,boulevard,0,791,7
CDnet2014,boulevard,1,799,5
CDnet2014,boulevard,2,805,179
CDnet2014,boulevard,3,985,1
CDnet2014,boulevard,4,988,1
CDnet2014,boulevard,5,991,2
CDnet2014,boulevard,6,994,1
CDnet2014,boulevard,7,996,1
CDnet2014,boulevard,8,999,2
CDnet2014,boulevard,9,1002,1
CDnet2014,boulevard,10,1005,2
CDnet2014,boulevard,11,1008,7
CDnet2014,boulevard,12,1017,3
CDnet2014,boulevard,13,1022,1
CDnet2014,boulevard,14,1031,2
CDnet2014,boulevard,15,1034,10
CDnet2014,boulevard,16,1045,84
CDnet2014,boulevard,17,1130,13
CDnet2014,boulevard,18,1144,5
CDnet2014,boulevard,19,1150,7
CDnet2014,boulevard,20,1158,4
CDnet2014,boulevard,21,1164,1
CDnet2014,boulevard,22,1167,2
CDnet2014,boulevard,23,1175,1
CDnet2014,boulevard,24,1179,7
CDnet2014,boulevard,25,1187,3
CDnet2014,boulevard,26,1191,1
CDnet2014,boulevard,27,1193,1
CDnet2014,boulevard,28,1196,1
CDnet2014,boulevard,29,1198,2
CDnet2014,boulevard,30,1203,2
CDnet2014,boulevard,31,1206,3
CDnet2014,boulevard,32,1210,1
CDnet2014,boulevard,33,1212,1
CDnet2014,boulevard,34,1216,1
CDnet2014,boulevard,35,1222,1
CDnet2014,boulevard,36,1225,4
CDnet2014,boulevard,37,1230,2
CDnet2014,boulevard,38,1233,16
CDnet2014,boulevard,39,1250,41
CDnet2014,boulevard,40,1293,21
CDnet2014,boulevard,41,1315,20
CDnet2014,boulevard,42,1336,8
CDnet2014,boulevard,43,1345,1
CDnet2014,boulevard,44,1347,2
CDnet2014,boulevard,45,1350,7
CDnet2014,boulevard,46,1359,1
CDnet2014,boulevard,47,1362,14
CDnet2014,boulevard,48,1377,4
CDnet2014,boulevard,49,1386,1
CDnet2014,boulevard,50,1388,2
CDnet2014,boulevard,51,1391,7
CDnet2014,boulevard,52,1400,1
CDnet2014,boulevard,53,1402,9
CDnet2014,boulevard,54,1412,1
CDnet2014,boulevard,55,1417,1
CDnet2014,boulevard,56,1430,4
CDnet2014,boulevard,57,1435,2
CDnet2014,boulevard,58,1438,1
CDnet2014,boulevard,59,1440,2
CDnet2014,boulevard,60,1443,16
CDnet2014,boulevard,61,1460,2
CDnet2014,boulevard,62,1463,2
CDnet2014,boulevard,63,1468,62
CDnet2014,boulevard,64,1531,1
CDnet2014,boulevard,65,1533,2
CDnet2014,boulevard,66,1536,11
CDnet2014,boulevard,67,1548,1
CDnet2014,boulevard,68,1551,1
CDnet2014,boulevard,69,1554,1
CDnet2014,boulevard,70,1556,2
CDnet2014,boulevard,71,1559,2
CDnet2014,boulevard,72,1562,1
CDnet2014,boulevard,73,1565,1
CDnet2014,boulevard,74,1567,2
CDnet2014,boulevard,75,1570,1
CDnet2014,boulevard,76,1572,1
CDnet2014,boulevard,77,1579,3
CDnet2014,boulevard,78,1583,1
CDnet2014,boulevard,79,1586,1
CDnet2014,boulevard,80,1589,7
CDnet2014,boulevard,81,1597,1
CDnet2014,boulevard,82,1599,2
CDnet2014,boulevard,83,1602,5
CDnet2014,boulevard,84,1608,2
CDnet2014,boulevard,85,1611,8
CDnet2014,boulevard,86,1620,3
CDnet2014,boulevard,87,1630,1
CDnet2014,boulevard,88,1632,1
CDnet2014,boulevard,89,1635,1
CDnet2014,boulevard,90,1638,1
CDnet2014,boulevard,91,1640,3
CDnet2014,boulevard,92,1644,1
CDnet2014,boulevard,93,1646,8
CDnet2014,boulevard,94,1655,9
CDnet2014,boulevard,95,1666,7
CDnet2014,boulevard,96,1674,1
CDnet2014,boulevard,97,1676,1
CDnet2014,boulevard,98,1678,3
CDnet2014,boulevard,99,1682,2
CDnet2014,boulevard,100,1685,1
CDnet2014,boulevard,101,1687,5
CDnet2014,boulevard,102,1693,1
CDnet2014,boulevard,103,1695,1
CDnet2014,boulevard,104,1697,1
CDnet2014,boulevard,105,1699,9
CDnet2014,boulevard,106,1709,2
CDnet2014,boulevard,107,1712,2
CDnet2014,boulevard,108,1715,2
CDnet2014,boulevard,109,1718,10
CDnet2014,boulevard,110,1729,2
CDnet2014,boulevard,111,1732,4
CDnet2014,boulevard,112,1737,10
CDnet2014,boulevard,113,1748,1
CDnet2014,boulevard,114,1751,10
CDnet2014,boulevard,115,1762,2
CDnet2014,boulevard,116,1765,1
CDnet2014,boulevard,117,1768,1
CDnet2014,boulevard,118,1770,2
CDnet2014,boulevard,119,1773,1
CDnet2014,boulevard,120,1775,2
CDnet2014,boulevard,121,1779,1
CDnet2014,boulevard,122,1782,1
CDnet2014,boulevard,123,1784,1
CDnet2014,boulevard,124,1786,1
CDnet2014,boulevard,125,1789,23
CDnet2014,boulevard,126,1814,1
CDnet2014,boulevard,127,1819,2
CDnet2014,boulevard,128,1823,1
CDnet2014,boulevard,129,1825,2
CDnet2014,boulevard,130,1828,1
CDnet2014,boulevard,131,1836,1
CDnet2014,boulevard,132,1838,2
CDnet2014,boulevard,133,1841,1
CDnet2014,boulevard,134,1844,21
CDnet2014,boulevard,135,1866,1
CDnet2014,boulevard,136,1872,1
CDnet2014,boulevard,137,1878,1
CDnet2014,boulevard,138,1880,1
CDnet2014,boulevard,139,1885,1
CDnet2014,boulevard,140,1887,2
CDnet2014,boulevard,141,1890,2
CDnet2014,boulevard,142,1893,1
CDnet2014,boulevard,143,1896,1
CDnet2014,boulevard,144,1899,1
CDnet2014,boulevard,145,1901,2
CDnet2014,boulevard,146,1904,2
CDnet2014,boulevard,147,1907,4
CDnet2014,boulevard,148,1912,2
CDnet2014,boulevard,149,1915,4
CDnet2014,boulevard,150,1921,1
CDnet2014,boulevard,151,1924,1
CDnet2014,boulevard,152,1926,2
CDnet2014,boulevard,153,1931,1
CDnet2014,boulevard,154,1934,1
CDnet2014,boulevard,155,1937,1
CDnet2014,boulevard,156,1940,47
CDnet2014,boulevard,157,1989,1
CDnet2014,boulevard,158,1991,8
CDnet2014,boulevard,159,2000,9
CDnet2014,boulevard,160,2010,2
CDnet2014,boulevard,161,2014,1
CDnet2014,boulevard,162,2016,2
CDnet2014,boulevard,163,2019,2
CDnet2014,boulevard,164,2028,2
CDnet2014,boulevard,165,2031,1
CDnet2014,boulevard,166,2033,6
CDnet2014,boulevard,167,2040,5
CDnet2014,boulevard,168,2046,7
CDnet2014,boulevard,169,2054,1
CDnet2014,boulevard,170,2056,3
CDnet2014,boulevard,171,2060,4
CDnet2014,boulevard,172,2065,4
CDnet2014,boulevard,173,2071,1
CDnet2014,boulevard,174,2073,5
CDnet2014,boulevard,175,2081,1
CDnet2014,boulevard,176,2083,2
CDnet2014,boulevard,177,2086,4
CDnet2014,boulevard,178,2091,90
CDnet2014,boulevard,179,2182,4
CDnet2014,boulevard,180,2187,1
CDnet2014,boulevard,181,2189,2
CDnet2014,boulevard,182,2192,2
CDnet2014,boulevard,183,2195,2
CDnet2014,boulevard,184,2198,1
CDnet2014,boulevard,185,2201,2
CDnet2014,boulevard,186,2204,1
CDnet2014,boulevard,187,2207,54
CDnet2014,boulevard,188,2262,4
CDnet2014,boulevard,189,2267,76
CDnet2014,boulevard,190,2346,1
CDnet2014,boulevard,191,2349,1
CDnet2014,boulevard,192,2355,6
CDnet2014,boulevard,193,2363,1
CDnet2014,boulevard,194,2365,2
CDnet2014,boulevard,195,2369,1
CDnet2014,boulevard,196,2372,2
CDnet2014,boulevard,197,2375,1
CDnet2014,boulevard,198,2378,1
CDnet2014,boulevard,199,2381,1
CDnet2014,boulevard,200,2383,2
CDnet2014,boulevard,201,2386,78
CDnet2014,boulevard,202,2467,34
CDnet2014,sidewalk,0,801,198
CDnet2014,sidewalk,1,1000,3
CDnet2014,sidewalk,2,1004,197
CDnet2014,traffic,0,941,1
CDnet2014,traffic,1,945,1
CDnet2014,traffic,2,947,1
CDnet2014,traffic,3,955,1
CDnet2014,traffic,4,957,3
CDnet2014,traffic,5,962,16
CDnet2014,traffic,6,980,3
CDnet2014,traffic,7,990,10
CDnet2014,traffic,8,1001,5
CDnet2014,traffic,9,1007,4
CDnet2014,traffic,10,1025,1
CDnet2014,traffic,11,1027,1
CDnet2014,traffic,12,1029,3
CDnet2014,traffic,13,1035,3
CDnet2014,traffic,14,1039,2
CDnet2014,traffic,15,1043,2
CDnet2014,traffic,16,1046,1
CDnet2014,traffic,17,1057,2
CDnet2014,traffic,18,1062,18
CDnet2014,traffic,19,1081,1
CDnet2014,traffic,20,1083,1
CDnet2014,traffic,21,1090,3
CDnet2014,traffic,22,1098,1
CDnet2014,traffic,23,1100,1
CDnet2014,traffic,24,1102,1
CDnet2014,traffic,25,1105,18
CDnet2014,traffic,26,1129,1
CDnet2014,traffic,27,1138,2
CDnet2014,traffic,28,1142,1
CDnet2014,traffic,29,1144,1
CDnet2014,traffic,30,1147,4
CDnet2014,traffic,31,1153,4
CDnet2014,traffic,32,1158,3
CDnet2014,traffic,33,1165,1
CDnet2014,traffic,34,1171,4
CDnet2014,traffic,35,1176,3
CDnet2014,traffic,36,1180,3
CDnet2014,traffic,37,1185,1
CDnet2014,traffic,38,1187,1
CDnet2014,traffic,39,1189,1
CDnet2014,traffic,40,1193,1
CDnet2014,traffic,41,1199,7
CDnet2014,traffic,42,1207,5
CDnet2014,traffic,43,1213,3
CDnet2014,traffic,44,1217,3
CDnet2014,traffic,45,1222,3
CDnet2014,traffic,46,1236,30
CDnet2014,traffic,47,1268,1
CDnet2014,traffic,48,1279,1
CDnet2014,traffic,49,1283,1
CDnet2014,traffic,50,1285,2
CDnet2014,traffic,51,1288,7
CDnet2014,traffic,52,1296,10
CDnet2014,traffic,53,1307,4
CDnet2014,traffic,54,1323,1
CDnet2014,traffic,55,1325,1
CDnet2014,traffic,56,1327,2
CDnet2014,traffic,57,1331,1
CDnet2014,traffic,58,1335,3
CDnet2014,traffic,59,1339,16
CDnet2014,traffic,60,1358,1
CDnet2014,traffic,61,1360,1
CDnet2014,traffic,62,1366,1
CDnet2014,traffic,63,1370,2
CDnet2014,traffic,64,1373,2
CDnet2014,traffic,65,1376,2
CDnet2014,traffic,66,1380,7
CDnet2014,traffic,67,1388,5
CDnet2014,traffic,68,1395,1
CDnet2014,traffic,69,1403,1
CDnet2014,traffic,70,1411,4
CDnet2014,traffic,71,1416,11
CDnet2014,traffic,72,1428,1
CDnet2014,traffic,73,1430,1
CDnet2014,traffic,74,1433,1
CDnet2014,traffic,75,1435,1
CDnet2014,traffic,76,1442,1
CDnet2014,traffic,77,1446,2
CDnet2014,traffic,78,1449,1
CDnet2014,traffic,79,1453,5
CDnet2014,traffic,80,1459,3
CDnet2014,traffic,81,1465,1
CDnet2014,traffic,82,1475,1
CDnet2014,traffic,83,1479,3
CDnet2014,traffic,84,1483,2
CDnet2014,traffic,85,1486,10
CDnet2014,traffic,86,1497,3
CDnet2014,traffic,87,1501,2
CDnet2014,traffic,88,1504,1
CDnet2014,traffic,89,1515,1
CDnet2014,traffic,90,1518,1
CDnet2014,traffic,91,1521,2
CDnet2014,traffic,92,1524,39
CDnet2014,boats,0,1901,18
CDnet2014,boats,1,1920,6
CDnet2014,boats,2,1928,4
CDnet2014,boats,3,1934,1
CDnet2014,boats,4,1936,95
CDnet2014,boats,5,2034,137
CDnet2014,boats,6,2173,3
CDnet2014,boats,7,2177,6
CDnet2014,boats,8,2184,1
CDnet2014,boats,9,2188,32
CDnet2014,boats,10,2221,7
CDnet2014,boats,11,2229,74
CDnet2014,boats,12,2306,18
CDnet2014,boats,13,2325,1
CDnet2014,boats,14,2328,5
CDnet2014,boats,15,2334,1
CDnet2014,boats,16,2336,4
CDnet2014,boats,17,2341,60
CDnet2014,boats,18,2402,12
CDnet2014,boats,19,2415,11
CDnet2014,boats,20,2427,20
CDnet2014,boats,21,2448,157
CDnet2014,boats,22,2606,8
CDnet2014,boats,23,2618,2
CDnet2014,boats,24,2621,2
CDnet2014,boats,25,2624,67
CDnet2014,boats,26,2692,37
CDnet2014,boats,27,2733,17
CDnet2014,boats,28,2751,1
CDnet2014,boats,29,2753,88
CDnet2014,boats,30,2842,169
CDnet2014,boats,31,3014,28
CDnet2014,boats,32,3043,2
CDnet2014,boats,33,3046,9
CDnet2014,boats,34,3056,6
CDnet2014,boats,35,3063,5
CDnet2014,boats,36,3069,5
CDnet2014,boats,37,3075,10
CDnet2014,boats,38,3086,2
CDnet2014,boats,39,3089,7
CDnet2014,boats,40,3098,13
CDnet2014,boats,41,3113,70
CDnet2014,boats,42,3184,12
CDnet2014,boats,43,3198,1
CDnet2014,boats,44,3200,73
CDnet2014,boats,45,3274,20
CDnet2014,boats,46,3295,26
CDnet2014,boats,47,3322,6
CDnet2014,boats,48,3329,6
CDnet2014,boats,49,3337,104
CDnet2014,boats,50,3442,22
CDnet2014,boats,51,3465,3
CDnet2014,boats,52,3469,83
CDnet2014,boats,53,3553,2
CDnet2014,boats,54,3556,28
CDnet2014,boats,55,3585,34
CDnet2014,boats,56,3620,29
CDnet2014,boats,57,3650,2
CDnet2014,boats,58,3653,1
CDnet2014,boats,59,3655,3
CDnet2014,boats,60,3660,4
CDnet2014,boats,61,3665,24
CDnet2014,boats,62,3691,2
CDnet2014,boats,63,3694,3
CDnet2014,boats,64,3699,10
CDnet2014,boats,65,3711,5
CDnet2014,boats,66,3717,4
CDnet2014,boats,67,3723,36
CDnet2014,boats,68,3761,68
CDnet2014,boats,69,3831,2
CDnet2014,boats,70,3834,2
CDnet2014,boats,71,3842,1
CDnet2014,boats,72,3846,1
CDnet2014,boats,73,3848,1
CDnet2014,boats,74,3850,124
CDnet2014,boats,75,3987,46
CDnet2014,boats,76,4034,23
CDnet2014,boats,77,4065,3
CDnet2014,boats,78,4069,18
CDnet2014,boats,79,4088,4
CDnet2014,boats,80,4093,18
CDnet2014,boats,81,4112,2
CDnet2014,boats,82,4115,3
CDnet2014,boats,83,4119,28
CDnet2014,boats,84,4148,12
CDnet2014,boats,85,4168,1
CDnet2014,boats,86,4172,1
CDnet2014,boats,87,4174,1
CDnet2014,boats,88,4177,1
CDnet2014,boats,89,4179,1
CDnet2014,boats,90,4181,49
CDnet2014,boats,91,4232,1
CDnet2014,boats,92,4234,1
CDnet2014,boats,93,4246,75
CDnet2014,boats,94,4322,327
CDnet2014,boats,95,4651,49
CDnet2014,boats,96,4701,97
CDnet2014,boats,97,4800,1
CDnet2014,boats,98,4802,137
CDnet2014,boats,99,4940,2
CDnet2014,boats,100,4943,3
CDnet2014,boats,101,4947,1
CDnet2014,boats,102,4950,95
CDnet2014,boats,103,5047,2
CDnet2014,boats,104,5052,8
CDnet2014,boats,105,5068,2
CDnet2014,boats,106,5071,1
CDnet2014,boats,107,5073,1
CDnet2014,boats,108,5076,65
CDnet2014,boats,109,5142,7
CDnet2014,boats,110,5150,128
CDnet2014,boats,111,5279,15
CDnet2014,boats,112,5295,30
CDnet2014,boats,113,5326,170
CDnet2014,boats,114,5497,121
CDnet2014,boats,115,5619,7
CDnet2014,boats,116,5631,1
CDnet2014,boats,117,5635,71
CDnet2014,boats,118,5707,129
CDnet2014,boats,119,5837,33
CDnet2014,boats,120,5873,3
CDnet2014,boats,121,5882,2
CDnet2014,boats,122,5895,1
CDnet2014,boats,123,5897,6
CDnet2014,boats,124,5904,41
CDnet2014,boats,125,5946,1
CDnet2014,boats,126,5948,1
CDnet2014,boats,127,5950,193
CDnet2014,boats,128,6144,78
CDnet2014,boats,129,6224,2
CDnet2014,boats,130,6227,25
CDnet2014,boats,131,6255,227
CDnet2014,boats,132,6483,5
CDnet2014,boats,133,6489,9
CDnet2014,boats,134,6499,13
CDnet2014,boats,135,6515,3
CDnet2014,boats,136,6519,74
CDnet2014,boats,137,6594,2
CDnet2014,boats,138,6597,42
CDnet2014,boats,139,6640,79
CDnet2014,boats,140,6720,15
CDnet2014,boats,141,6739,1
CDnet2014,boats,142,6741,38
CDnet2014,boats,143,6785,84
CDnet2014,boats,144,6870,1130
CDnet2014,canoe,0,841,245
CDnet2014,fall,0,1001,3000
CDnet2014,fountain01,0,401,784
CDnet2014,fountain02,0,576,1
CDnet2014,fountain02,1,616,1
CDnet2014,fountain02,2,639,1
CDnet2014,fountain02,3,657,11
CDnet2014,fountain02,4,670,9
CDnet2014,fountain02,5,681,8
CDnet2014,fountain02,6,690,24
CDnet2014,fountain02,7,715,46
CDnet2014,fountain02,8,762,1
CDnet2014,fountain02,9,765,1
CDnet2014,fountain02,10,789,1
CDnet2014,fountain02,11,1223,1
CDnet2014,fountain02,12,1225,11
CDnet2014,fountain02,13,1248,1
CDnet2014,fountain02,14,1252,3
CDnet2014,fountain02,15,1256,2
CDnet2014,fountain02,16,1259,1
CDnet2014,fountain02,17,1263,32
CDnet2014,overpass,0,1105,1
CDnet2014,overpass,1,1618,1
CDnet2014,overpass,2,2337,493
CDnet2014,overpass,3,2832,2
CDnet2014,overpass,4,2864,5
CDnet2014,overpass,5,2872,1
CDnet2014,overpass,6,2874,1
CDnet2014,overpass,7,2879,7
CDnet2014,overpass,8,2887,72
CDnet2014,abandonedBox,0,2451,126
CDnet2014,abandonedBox,1,2579,88
CDnet2014,abandonedBox,2,2668,162
CDnet2014,abandonedBox,3,2831,118
CDnet2014,abandonedBox,4,2950,2
CDnet2014,abandonedBox,5,2954,549
CDnet2014,abandonedBox,6,3504,6
CDnet2014,abandonedBox,7,3511,990
CDnet2014,parking,0,1101,1400
CDnet2014,sofa,0,501,2250
CDnet2014,streetLight,0,176,1207
CDnet2014,streetLight,1,1384,174
CDnet2014,streetLight,2,1560,996
CDnet2014,streetLight,3,2557,1
CDnet2014,streetLight,4,2560,1
CDnet2014,streetLight,5,2563,52
CDnet2014,streetLight,6,2616,1
CDnet2014,streetLight,7,2618,56
CDnet2014,streetLight,8,2677,1
CDnet2014,streetLight,9,2679,1
CDnet2014,streetLight,10,2681,4
CDnet2014,streetLight,11,2686,261
CDnet2014,streetLight,12,2949,25
CDnet2014,streetLight,13,2976,225
CDnet2014,tramstop,0,1321,914
CDnet2014,tramstop,1,2237,2
CDnet2014,tramstop,2,2241,4
CDnet2014,tramstop,3,2246,532
CDnet2014,tramstop,4,2785,65
CDnet2014,tramstop,5,2851,2
CDnet2014,tramstop,6,2938,39
CDnet2014,tramstop,7,2978,25
CDnet2014,tramstop,8,3011,57
CDnet2014,tramstop,9,3081,40
CDnet2014,tramstop,10,3122,2
CDnet2014,tramstop,11,3155,32
CDnet2014,tramstop,12,3188,13
CDnet2014,winterDriveway,0,1001,1500
CDnet2014,port_0_17fps,0,1001,135
CDnet2014,port_0_17fps,1,1137,22
CDnet2014,port_0_17fps,2,1160,460
CDnet2014,port_0_17fps,3,1621,12
CDnet2014,port_0_17fps,4,1634,16
CDnet2014,port_0_17fps,5,1651,2
CDnet2014,port_0_17fps,6,1654,27
CDnet2014,port_0_17fps,7,1682,3
CDnet2014,port_0_17fps,8,1686,25
CDnet2014,port_0_17fps,9,1712,3
CDnet2014,port_0_17fps,10,1716,6
CDnet2014,port_0_17fps,11,1724,2
CDnet2014,port_0_17fps,12,1727,1
CDnet2014,port_0_17fps,13,1729,2
CDnet2014,port_0_17fps,14,1732,1
CDnet2014,port_0_17fps,15,1736,1
CDnet2014,port_0_17fps,16,1738,2
CDnet2014,port_0_17fps,17,1741,2
CDnet2014,port_0_17fps,18,1744,6
CDnet2014,port_0_17fps,19,1752,3
CDnet2014,port_0_17fps,20,1756,11
CDnet2014,port_0_17fps,21,1768,1
CDnet2014,port_0_17fps,22,1770,2
CDnet2014,port_0_17fps,23,1773,72
CDnet2014,port_0_17fps,24,1846,2
CDnet2014,port_0_17fps,25,1849,22
CDnet2014,port_0_17fps,26,1873,36
CDnet2014,port_0_17fps,27,1910,4
CDnet2014,port_0_17fps,28,1915,5
CDnet2014,port_0_17fps,29,1921,2
CDnet2014,port_0_17fps,30,1924,11
CDnet2014,port_0_17fps,31,1936,3
CDnet2014,port_0_17fps,32,1940,9
CDnet2014,port_0_17fps,33,1950,7
CDnet2014,port_0_17fps,34,1958,2
CDnet2014,port_0_17fps,35,1961,22
CDnet2014,port_0_17fps,36,1984,4
CDnet2014,port_0_17fps,37,1989,13
CDnet2014,port_0_17fps,38,2003,73
CDnet2014,port_0_17fps,39,2077,924
CDnet2014,tramCrossroad_1fps,0,401,34
CDnet2014,tramCrossroad_1fps,1,438,8
CDnet2014,tramCrossroad_1fps,2,448,69
CDnet2014,tramCrossroad_1fps,3,518,346
CDnet2014,tramCrossroad_1fps,4,865,36
CDnet2014,tunnelExit_0_35fps,0,2001,2000
CDnet2014,turnpike_0_5fps,0,801,420
CDnet2014,turnpike_0_5fps,1,1222,23
CDnet2014,turnpike_0_5fps,2,1246,3
CDnet2014,turnpike_0_5fps,3,1250,17
CDnet2014,turnpike_0_5fps,4,1268,3
CDnet2014,turnpike_0_5fps,5,1272,7
CDnet2014,turnpike_0_5fps,6,1281,2
CDnet2014,turnpike_0_5fps,7,1284,4
CDnet2014,turnpike_0_5fps,8,1289,21
CDnet2014,turnpike_0_5fps,9,1311,4
CDnet2014,turnpike_0_5fps,10,1316,7
CDnet2014,turnpike_0_5fps,11,1324,32
CDnet2014,turnpike_0_5fps,12,1357,12
CDnet2014,turnpike_0_5fps,13,1370,1
CDnet2014,turnpike_0_5fps,14,1372,18
CDnet2014,turnpike_0_5fps,15,1391,4
CDnet2014,turnpike_0_5fps,16,1396,25
CDnet2014,turnpike_0_5fps,17,1426,1
CDnet2014,turnpike_0_5fps,18,1428,2
CDnet2014,turnpike_0_5fps,19,1431,21
CDnet2014,turnpike_0_5fps,20,1454,28
CDnet2014,turnpike_0_5fps,21,1483,7
CDnet2014,turnpike_0_5fps,22,1491,2
CDnet2014,turnpike_0_5fps,23,1494,7
CDnet2014,bridgeEntry,0,1037,1
CDnet2014,bridgeEntry,1,1047,1
CDnet2014,bridgeEntry,2,1062,2
CDnet2014,bridgeEntry,3,1066,5
CDnet2014,bridgeEntry,4,1073,1
CDnet2014,bridgeEntry,5,1081,1
CDnet2014,bridgeEntry,6,1086,6
CDnet2014,bridgeEntry,7,1093,1
CDnet2014,bridgeEntry,8,1098,9
CDnet2014,bridgeEntry,9,1116,15
CDnet2014,bridgeEntry,10,1157,1
CDnet2014,bridgeEntry,11,1176,2
CDnet2014,bridgeEntry,12,1188,1
CDnet2014,bridgeEntry,13,1216,1
CDnet2014,bridgeEntry,14,1235,2
CDnet2014,bridgeEntry,15,1242,3
CDnet2014,bridgeEntry,16,1246,2
CDnet2014,bridgeEntry,17,1249,1
CDnet2014,bridgeEntry,18,1265,1
CDnet2014,bridgeEntry,19,1268,1
CDnet2014,bridgeEntry,20,1280,1
CDnet2014,bridgeEntry,21,1289,1
CDnet2014,bridgeEntry,22,1299,3
CDnet2014,bridgeEntry,23,1304,2
CDnet2014,bridgeEntry,24,1308,2
CDnet2014,bridgeEntry,25,1311,4
CDnet2014,bridgeEntry,26,1319,1
CDnet2014,bridgeEntry,27,1354,1
CDnet2014,bridgeEntry,28,1414,6
CDnet2014,bridgeEntry,29,1444,2
CDnet2014,bridgeEntry,30,1450,9
CDnet2014,bridgeEntry,31,1465,1
CDnet2014,bridgeEntry,32,1467,1
CDnet2014,bridgeEntry,33,1469,3
CDnet2014,bridgeEntry,34,1473,11
CDnet2014,bridgeEntry,35,1485,4
CDnet2014,bridgeEntry,36,1490,5
CDnet2014,bridgeEntry,37,1502,2
CDnet2014,bridgeEntry,38,1506,21
CDnet2014,bridgeEntry,39,1531,2
CDnet2014,bridgeEntry,40,1536,1
CDnet2014,bridgeEntry,41,1540,1
CDnet2014,bridgeEntry,42,1549,1
CDnet2014,bridgeEntry,43,1551,7
CDnet2014,bridgeEntry,44,1559,1
CDnet2014,bridgeEntry,45,1563,1
CDnet2014,bridgeEntry,46,1566,1
CDnet2014,bridgeEntry,47,1568,2
CDnet2014,bridgeEntry,48,1573,3
CDnet2014,bridgeEntry,49,1578,1
CDnet2014,bridgeEntry,50,1584,1
CDnet2014,bridgeEntry,51,1588,8
CDnet2014,bridgeEntry,52,1599,3
CDnet2014,bridgeEntry,53,1603,24
CDnet2014,bridgeEntry,54,1629,7
CDnet2014,bridgeEntry,55,1637,4
CDnet2014,bridgeEntry,56,1642,2
CDnet2014,bridgeEntry,57,1649,1
CDnet2014,bridgeEntry,58,1653,21
CDnet2014,bridgeEntry,59,1676,13
CDnet2014,bridgeEntry,60,1690,4
CDnet2014,bridgeEntry,61,1697,1
CDnet2014,bridgeEntry,62,1699,2
CDnet2014,bridgeEntry,63,1702,1
CDnet2014,bridgeEntry,64,1716,1
CDnet2014,bridgeEntry,65,1718,1
CDnet2014,bridgeEntry,66,1720,1
CDnet2014,bridgeEntry,67,1729,5
CDnet2014,bridgeEntry,68,1736,7
CDnet2014,bridgeEntry,69,1747,13
CDnet2014,bridgeEntry,70,1761,6
CDnet2014,bridgeEntry,71,1770,2
CDnet2014,bridgeEntry,72,1776,2
CDnet2014,bridgeEntry,73,1779,2
CDnet2014,bridgeEntry,74,1786,2
CDnet2014,bridgeEntry,75,1791,2
CDnet2014,bridgeEntry,76,1810,3
CDnet2014,bridgeEntry,77,1814,1
CDnet2014,bridgeEntry,78,1816,3
CDnet2014,bridgeEntry,79,1820,1
CDnet2014,bridgeEntry,80,1822,1
CDnet2014,bridgeEntry,81,1829,2
CDnet2014,bridgeEntry,82,1832,2
CDnet2014,bridgeEntry,83,1839,10
CDnet2014,bridgeEntry,84,1863,1
CDnet2014,bridgeEntry,85,1866,1
CDnet2014,bridgeEntry,86,1876,2
CDnet2014,bridgeEntry,87,1879,1
CDnet2014,bridgeEntry,88,1889,1
CDnet2014,bridgeEntry,89,1893,2
CDnet2014,bridgeEntry,90,1901,4
CDnet2014,bridgeEntry,91,1915,1
CDnet2014,bridgeEntry,92,1917,1
CDnet2014,bridgeEntry,93,1919,4
CDnet2014,bridgeEntry,94,1924,2
CDnet2014,bridgeEntry,95,1929,4
CDnet2014,bridgeEntry,96,1935,3
CDnet2014,bridgeEntry,97,1941,3
CDnet2014,bridgeEntry,98,1950,2
CDnet2014,bridgeEntry,99,1962,1
CDnet2014,bridgeEntry,100,1983,1
CDnet2014,bridgeEntry,101,1985,1
CDnet2014,bridgeEntry,102,1987,2
CDnet2014,bridgeEntry,103,1993,1
CDnet2014,bridgeEntry,104,1995,3
CDnet2014,bridgeEntry,105,2001,2
CDnet2014,bridgeEntry,106,2013,26
CDnet2014,bridgeEntry,107,2042,7
CDnet2014,bridgeEntry,108,2050,4
CDnet2014,bridgeEntry,109,2066,2
CDnet2014,bridgeEntry,110,2072,1
CDnet2014,bridgeEntry,111,2077,1
CDnet2014,bridgeEntry,112,2103,1
CDnet2014,bridgeEntry,113,2110,2
CDnet2014,bridgeEntry,114,2113,3
CDnet2014,bridgeEntry,115,2119,4
CDnet2014,bridgeEntry,116,2124,1
CDnet2014,bridgeEntry,117,2126,1
CDnet2014,bridgeEntry,118,2129,1
CDnet2014,bridgeEntry,119,2133,1
CDnet2014,bridgeEntry,120,2135,1
CDnet2014,bridgeEntry,121,2137,7
CDnet2014,bridgeEntry,122,2145,2
CDnet2014,bridgeEntry,123,2150,13
CDnet2014,bridgeEntry,124,2171,1
CDnet2014,bridgeEntry,125,2175,1
CDnet2014,bridgeEntry,126,2181,23
CDnet2014,bridgeEntry,127,2207,1
CDnet2014,bridgeEntry,128,2209,2
CDnet2014,bridgeEntry,129,2212,4
CDnet2014,bridgeEntry,130,2223,1
CDnet2014,bridgeEntry,131,2230,1
CDnet2014,bridgeEntry,132,2237,1
CDnet2014,bridgeEntry,133,2249,1
CDnet2014,bridgeEntry,134,2251,3
CDnet2014,bridgeEntry,135,2266,13
CDnet2014,bridgeEntry,136,2282,3
CDnet2014,bridgeEntry,137,2286,2
CDnet2014,bridgeEntry,138,2292,4
CDnet2014,bridgeEntry,139,2300,1
CDnet2014,bridgeEntry,140,2306,6
CDnet2014,bridgeEntry,141,2313,2
CDnet2014,bridgeEntry,142,2316,7
CDnet2014,bridgeEntry,143,2324,4
CDnet2014,bridgeEntry,144,2329,2
CDnet2014,bridgeEntry,145,2332,1
CDnet2014,bridgeEntry,146,2335,1
CDnet2014,bridgeEntry,147,2341,1
CDnet2014,bridgeEntry,148,2343,1
CDnet2014,bridgeEntry,149,2351,4
CDnet2014,bridgeEntry,150,2366,1
CDnet2014,bridgeEntry,151,2368,1
CDnet2014,bridgeEntry,152,2370,2
CDnet2014,bridgeEntry,153,2373,1
CDnet2014,bridgeEntry,154,2386,1
CDnet2014,bridgeEntry,155,2392,1
CDnet2014,bridgeEntry,156,2397,1
CDnet2014,bridgeEntry,157,2456,1
CDnet2014,bridgeEntry,158,2459,1
CDnet2014,bridgeEntry,159,2462,1
CDnet2014,bridgeEntry,160,2464,1
CDnet2014,bridgeEntry,161,2472,1
CDnet2014,bridgeEntry,162,2476,1
CDnet2014,bridgeEntry,163,2480,1
CDnet2014,bridgeEntry,164,2487,2
CDnet2014,bridgeEntry,165,2490,1
CDnet2014,bridgeEntry,166,2495,1
CDnet2014,bridgeEntry,167,2500,1
CDnet2014,busyBoulvard,0,731,1
CDnet2014,busyBoulvard,1,735,2
CDnet2014,busyBoulvard,2,739,1
CDnet2014,busyBoulvard,3,742,2
CDnet2014,busyBoulvard,4,747,1
CDnet2014,busyBoulvard,5,751,3
CDnet2014,busyBoulvard,6,755,2
CDnet2014,busyBoulvard,7,763,2
CDnet2014,busyBoulvard,8,767,1
CDnet2014,busyBoulvard,9,769,1
CDnet2014,busyBoulvard,10,774,1
CDnet2014,busyBoulvard,11,790,1
CDnet2014,busyBoulvard,12,792,1
CDnet2014,busyBoulvard,13,795,1
CDnet2014,busyBoulvard,14,798,5
CDnet2014,busyBoulvard,15,808,1
CDnet2014,busyBoulvard,16,811,1
CDnet2014,busyBoulvard,17,818,1
CDnet2014,busyBoulvard,18,825,1
CDnet2014,busyBoulvard,19,830,1
CDnet2014,busyBoulvard,20,838,1
CDnet2014,busyBoulvard,21,844,2
CDnet2014,busyBoulvard,22,847,1
CDnet2014,busyBoulvard,23,851,1
CDnet2014,busyBoulvard,24,853,2
CDnet2014,busyBoulvard,25,857,1
CDnet2014,busyBoulvard,26,867,1
CDnet2014,busyBoulvard,27,872,1
CDnet2014,busyBoulvard,28,876,3
CDnet2014,busyBoulvard,29,880,2
CDnet2014,busyBoulvard,30,891,1
CDnet2014,busyBoulvard,31,895,2
CDnet2014,busyBoulvard,32,898,2
CDnet2014,busyBoulvard,33,901,3
CDnet2014,busyBoulvard,34,907,1
CDnet2014,busyBoulvard,35,909,1
CDnet2014,busyBoulvard,36,917,1
CDnet2014,busyBoulvard,37,920,1
CDnet2014,busyBoulvard,38,922,1
CDnet2014,busyBoulvard,39,927,1
CDnet2014,busyBoulvard,40,929,1
CDnet2014,busyBoulvard,41,933,2
CDnet2014,busyBoulvard,42,941,1
CDnet2014,busyBoulvard,43,943,6
CDnet2014,busyBoulvard,44,953,1
CDnet2014,busyBoulvard,45,956,2
CDnet2014,busyBoulvard,46,960,1
CDnet2014,busyBoulvard,47,962,3
CDnet2014,busyBoulvard,48,966,4
CDnet2014,busyBoulvard,49,972,1
CDnet2014,busyBoulvard,50,975,1
CDnet2014,busyBoulvard,51,977,2
CDnet2014,busyBoulvard,52,990,1
CDnet2014,busyBoulvard,53,997,2
CDnet2014,busyBoulvard,54,1009,1
CDnet2014,busyBoulvard,55,1012,2
CDnet2014,busyBoulvard,56,1017,5
CDnet2014,busyBoulvard,57,1023,2
CDnet2014,busyBoulvard,58,1026,21
CDnet2014,busyBoulvard,59,1050,1
CDnet2014,busyBoulvard,60,1053,2
CDnet2014,busyBoulvard,61,1057,1
CDnet2014,busyBoulvard,62,1059,1
CDnet2014,busyBoulvard,63,1063,1
CDnet2014,busyBoulvard,64,1065,2
CDnet2014,busyBoulvard,65,1068,4
CDnet2014,busyBoulvard,66,1079,17
CDnet2014,busyBoulvard,67,1097,5
CDnet2014,busyBoulvard,68,1104,1
CDnet2014,busyBoulvard,69,1106,3
CDnet2014,busyBoulvard,70,1111,3
CDnet2014,busyBoulvard,71,1115,2
CDnet2014,busyBoulvard,72,1118,2
CDnet2014,busyBoulvard,73,1122,1
CDnet2014,busyBoulvard,74,1137,2
CDnet2014,busyBoulvard,75,1140,3
CDnet2014,busyBoulvard,76,1144,7
CDnet2014,busyBoulvard,77,1155,1
CDnet2014,busyBoulvard,78,1159,4
CDnet2014,busyBoulvard,79,1169,2
CDnet2014,busyBoulvard,80,1172,1
CDnet2014,busyBoulvard,81,1174,1
CDnet2014,busyBoulvard,82,1177,1
CDnet2014,busyBoulvard,83,1181,5
CDnet2014,busyBoulvard,84,1187,1
CDnet2014,busyBoulvard,85,1189,3
CDnet2014,busyBoulvard,86,1199,1
CDnet2014,busyBoulvard,87,1201,1
CDnet2014,busyBoulvard,88,1204,1
CDnet2014,busyBoulvard,89,1211,1
CDnet2014,busyBoulvard,90,1226,1
CDnet2014,busyBoulvard,91,1236,1
CDnet2014,busyBoulvard,92,1246,2
CDnet2014,busyBoulvard,93,1251,1
CDnet2014,busyBoulvard,94,1254,1
CDnet2014,busyBoulvard,95,1256,1
CDnet2014,busyBoulvard,96,1265,1
CDnet2014,busyBoulvard,97,1301,1
CDnet2014,busyBoulvard,98,1303,5
CDnet2014,busyBoulvard,99,1309,9
CDnet2014,busyBoulvard,100,1320,1
CDnet2014,busyBoulvard,101,1322,1
CDnet2014,busyBoulvard,102,1324,2
CDnet2014,busyBoulvard,103,1328,1
CDnet2014,busyBoulvard,104,1330,1
CDnet2014,busyBoulvard,105,1333,1
CDnet2014,busyBoulvard,106,1338,1
CDnet2014,busyBoulvard,107,1347,2
CDnet2014,busyBoulvard,108,1350,5
CDnet2014,busyBoulvard,109,1356,1
CDnet2014,busyBoulvard,110,1359,1
CDnet2014,busyBoulvard,111,1362,1
CDnet2014,busyBoulvard,112,1364,1
CDnet2014,busyBoulvard,113,1368,1
CDnet2014,busyBoulvard,114,1370,3
CDnet2014,busyBoulvard,115,1375,1
CDnet2014,busyBoulvard,116,1377,1
CDnet2014,busyBoulvard,117,1390,2
CDnet2014,busyBoulvard,118,1394,1
CDnet2014,busyBoulvard,119,1396,1
CDnet2014,busyBoulvard,120,1398,1
CDnet2014,busyBoulvard,121,1411,1
CDnet2014,busyBoulvard,122,1429,3
CDnet2014,busyBoulvard,123,1440,1
CDnet2014,busyBoulvard,124,1452,1
CDnet2014,busyBoulvard,125,1459,1
CDnet2014,busyBoulvard,126,1462,2
CDnet2014,busyBoulvard,127,1465,9
CDnet2014,busyBoulvard,128,1475,6
CDnet2014,busyBoulvard,129,1483,1
CDnet2014,busyBoulvard,130,1490,1
CDnet2014,busyBoulvard,131,1502,4
CDnet2014,busyBoulvard,132,1507,5
CDnet2014,busyBoulvard,133,1514,2
CDnet2014,busyBoulvard,134,1518,1
CDnet2014,busyBoulvard,135,1521,4
CDnet2014,busyBoulvard,136,1527,1
CDnet2014,busyBoulvard,137,1533,1
CDnet2014,busyBoulvard,138,1541,1
CDnet2014,busyBoulvard,139,1545,1
CDnet2014,busyBoulvard,140,1549,1
CDnet2014,busyBoulvard,141,1552,1
CDnet2014,busyBoulvard,142,1574,1
CDnet2014,busyBoulvard,143,1579,1
CDnet2014,busyBoulvard,144,1584,1
CDnet2014,busyBoulvard,145,1588,1
CDnet2014,busyBoulvard,146,1595,3
CDnet2014,busyBoulvard,147,1601,1
CDnet2014,busyBoulvard,148,1603,1
CDnet2014,busyBoulvard,149,1606,14
CDnet2014,busyBoulvard,150,1628,1
CDnet2014,busyBoulvard,151,1631,1
CDnet2014,busyBoulvard,152,1634,4
CDnet2014,busyBoulvard,153,1639,6
CDnet2014,busyBoulvard,154,1648,6
CDnet2014,busyBoulvard,155,1655,4
CDnet2014,busyBoulvard,156,1660,1
CDnet2014,busyBoulvard,157,1662,2
CDnet2014,busyBoulvard,158,1669,13
CDnet2014,busyBoulvard,159,1691,2
CDnet2014,busyBoulvard,160,1694,1
CDnet2014,busyBoulvard,161,1698,1
CDnet2014,busyBoulvard,162,1700,51
CDnet2014,busyBoulvard,163,1752,1
CDnet2014,busyBoulvard,164,1760,3
CDnet2014,busyBoulvard,165,1768,12
CDnet2014,busyBoulvard,166,1788,1
CDnet2014,busyBoulvard,167,1790,3
CDnet2014,busyBoulvard,168,1799,5
CDnet2014,busyBoulvard,169,1829,1
CDnet2014,busyBoulvard,170,1838,1
CDnet2014,busyBoulvard,171,1840,2
CDnet2014,busyBoulvard,172,1850,1
CDnet2014,busyBoulvard,173,1852,3
CDnet2014,busyBoulvard,174,1856,1
CDnet2014,busyBoulvard,175,1858,1
CDnet2014,busyBoulvard,176,1862,2
CDnet2014,busyBoulvard,177,1865,7
CDnet2014,busyBoulvard,178,1873,1
CDnet2014,busyBoulvard,179,1876,1
CDnet2014,busyBoulvard,180,1880,1
CDnet2014,busyBoulvard,181,1883,2
CDnet2014,busyBoulvard,182,1886,2
CDnet2014,busyBoulvard,183,1889,12
CDnet2014,busyBoulvard,184,1905,1
CDnet2014,busyBoulvard,185,1910,1
CDnet2014,busyBoulvard,186,1912,1
CDnet2014,busyBoulvard,187,1914,2
CDnet2014,busyBoulvard,188,1920,1
CDnet2014,busyBoulvard,189,1924,3
CDnet2014,busyBoulvard,190,1928,2
CDnet2014,busyBoulvard,191,1934,1
CDnet2014,busyBoulvard,192,1940,1
CDnet2014,busyBoulvard,193,1942,3
CDnet2014,busyBoulvard,194,1946,1
CDnet2014,busyBoulvard,195,1949,7
CDnet2014,busyBoulvard,196,1965,2
CDnet2014,busyBoulvard,197,1973,3
CDnet2014,busyBoulvard,198,1978,1
CDnet2014,busyBoulvard,199,1980,1
CDnet2014,busyBoulvard,200,1982,1
CDnet2014,busyBoulvard,201,1991,1
CDnet2014,busyBoulvard,202,1994,1
CDnet2014,busyBoulvard,203,1996,2
CDnet2014,busyBoulvard,204,2001,2
CDnet2014,busyBoulvard,205,2007,1
CDnet2014,busyBoulvard,206,2009,1
CDnet2014,busyBoulvard,207,2011,15
CDnet2014,busyBoulvard,208,2027,1
CDnet2014,busyBoulvard,209,2030,1
CDnet2014,busyBoulvard,210,2033,6
CDnet2014,busyBoulvard,211,2042,2
CDnet2014,busyBoulvard,212,2045,1
CDnet2014,busyBoulvard,213,2048,4
CDnet2014,busyBoulvard,214,2053,1
CDnet2014,busyBoulvard,215,2055,1
CDnet2014,busyBoulvard,216,2058,2
CDnet2014,busyBoulvard,217,2061,1
CDnet2014,busyBoulvard,218,2063,2
CDnet2014,busyBoulvard,219,2071,3
CDnet2014,busyBoulvard,220,2077,1
CDnet2014,busyBoulvard,221,2084,1
CDnet2014,busyBoulvard,222,2093,1
CDnet2014,busyBoulvard,223,2095,1
CDnet2014,busyBoulvard,224,2097,2
CDnet2014,busyBoulvard,225,2100,3
CDnet2014,busyBoulvard,226,2104,2
CDnet2014,busyBoulvard,227,2111,1
CDnet2014,busyBoulvard,228,2115,2
CDnet2014,busyBoulvard,229,2118,1
CDnet2014,busyBoulvard,230,2120,2
CDnet2014,busyBoulvard,231,2123,2
CDnet2014,busyBoulvard,232,2127,1
CDnet2014,busyBoulvard,233,2130,1
CDnet2014,busyBoulvard,234,2137,1
CDnet2014,busyBoulvard,235,2139,2
CDnet2014,busyBoulvard,236,2142,8
CDnet2014,busyBoulvard,237,2157,1
CDnet2014,busyBoulvard,238,2166,1
CDnet2014,busyBoulvard,239,2171,9
CDnet2014,busyBoulvard,240,2182,11
CDnet2014,busyBoulvard,241,2194,63
CDnet2014,busyBoulvard,242,2258,125
CDnet2014,busyBoulvard,243,2384,26
CDnet2014,busyBoulvard,244,2411,16
CDnet2014,busyBoulvard,245,2431,67
CDnet2014,busyBoulvard,246,2499,24
CDnet2014,busyBoulvard,247,2524,8
CDnet2014,busyBoulvard,248,2542,2
CDnet2014,busyBoulvard,249,2546,2
CDnet2014,busyBoulvard,250,2551,1
CDnet2014,busyBoulvard,251,2556,1
CDnet2014,busyBoulvard,252,2572,1
CDnet2014,busyBoulvard,253,2575,2
CDnet2014,busyBoulvard,254,2578,12
CDnet2014,busyBoulvard,255,2601,1
CDnet2014,busyBoulvard,256,2604,1
CDnet2014,busyBoulvard,257,2606,1
CDnet2014,busyBoulvard,258,2608,2
CDnet2014,busyBoulvard,259,2612,2
CDnet2014,busyBoulvard,260,2625,1
CDnet2014,busyBoulvard,261,2632,2
CDnet2014,busyBoulvard,262,2642,1
CDnet2014,busyBoulvard,263,2645,1
CDnet2014,busyBoulvard,264,2647,1
CDnet2014,busyBoulvard,265,2649,1
CDnet2014,busyBoulvard,266,2652,2
CDnet2014,busyBoulvard,267,2656,1
CDnet2014,busyBoulvard,268,2660,1
CDnet2014,busyBoulvard,269,2664,1
CDnet2014,busyBoulvard,270,2668,8
CDnet2014,busyBoulvard,271,2677,24
CDnet2014,busyBoulvard,272,2709,7
CDnet2014,busyBoulvard,273,2717,2
CDnet2014,busyBoulvard,274,2723,1
CDnet2014,busyBoulvard,275,2726,2
CDnet2014,busyBoulvard,276,2737,1
CDnet2014,busyBoulvard,277,2759,1
CDnet2014,fluidHighway,0,405,2
CDnet2014,fluidHighway,1,410,11
CDnet2014,fluidHighway,2,422,57
CDnet2014,fluidHighway,3,485,1
CDnet2014,fluidHighway,4,492,2
CDnet2014,fluidHighway,5,516,2
CDnet2014,fluidHighway,6,519,17
CDnet2014,fluidHighway,7,537,3
CDnet2014,fluidHighway,8,542,3
CDnet2014,fluidHighway,9,546,2
CDnet2014,fluidHighway,10,549,3
CDnet2014,fluidHighway,11,554,7
CDnet2014,fluidHighway,12,569,1
CDnet2014,fluidHighway,13,574,1
CDnet2014,fluidHighway,14,587,1
CDnet2014,fluidHighway,15,590,3
CDnet2014,fluidHighway,16,605,1
CDnet2014,fluidHighway,17,607,1
CDnet2014,fluidHighway,18,615,1
CDnet2014,fluidHighway,19,624,3
CDnet2014,fluidHighway,20,647,6
CDnet2014,fluidHighway,21,657,2
CDnet2014,fluidHighway,22,683,3
CDnet2014,fluidHighway,23,687,2
CDnet2014,fluidHighway,24,690,4
CDnet2014,fluidHighway,25,696,5
CDnet2014,fluidHighway,26,704,4
CDnet2014,fluidHighway,27,709,1
CDnet2014,fluidHighway,28,711,2
CDnet2014,fluidHighway,29,714,5
CDnet2014,fluidHighway,30,720,2
CDnet2014,fluidHighway,31,789,53
CDnet2014,fluidHighway,32,843,1
CDnet2014,fluidHighway,33,845,13
CDnet2014,fluidHighway,34,860,1
CDnet2014,fluidHighway,35,866,1
CDnet2014,fluidHighway,36,875,1
CDnet2014,fluidHighway,37,880,2
CDnet2014,fluidHighway,38,884,1
CDnet2014,fluidHighway,39,888,2
CDnet2014,fluidHighway,40,893,1
CDnet2014,fluidHighway,41,921,2
CDnet2014,fluidHighway,42,925,5
CDnet2014,fluidHighway,43,936,2
CDnet2014,fluidHighway,44,946,1
CDnet2014,fluidHighway,45,948,1
CDnet2014,fluidHighway,46,953,1
CDnet2014,fluidHighway,47,957,2
CDnet2014,fluidHighway,48,960,2
CDnet2014,fluidHighway,49,963,2
CDnet2014,fluidHighway,50,966,9
CDnet2014,fluidHighway,51,981,2
CDnet2014,fluidHighway,52,987,20
CDnet2014,fluidHighway,53,1008,7
CDnet2014,fluidHighway,54,1016,12
CDnet2014,fluidHighway,55,1029,32
CDnet2014,fluidHighway,56,1064,49
CDnet2014,fluidHighway,57,1115,4
CDnet2014,fluidHighway,58,1120,1
CDnet2014,fluidHighway,59,1122,17
CDnet2014,fluidHighway,60,1144,13
CDnet2014,fluidHighway,61,1158,11
CDnet2014,fluidHighway,62,1170,12
CDnet2014,fluidHighway,63,1183,8
CDnet2014,fluidHighway,64,1194,2
CDnet2014,fluidHighway,65,1197,6
CDnet2014,fluidHighway,66,1205,3
CDnet2014,fluidHighway,67,1209,23
CDnet2014,fluidHighway,68,1235,3
CDnet2014,fluidHighway,69,1241,1
CDnet2014,fluidHighway,70,1247,9
CDnet2014,fluidHighway,71,1259,4
CDnet2014,fluidHighway,72,1272,6
CDnet2014,fluidHighway,73,1344,5
CDnet2014,fluidHighway,74,1352,1
CDnet2014,fluidHighway,75,1360,5
CDnet2014,streetCornerAtNight,0,870,31
CDnet2014,streetCornerAtNight,1,905,2
CDnet2014,streetCornerAtNight,2,910,9
CDnet2014,streetCornerAtNight,3,967,47
CDnet2014,streetCornerAtNight,4,1016,1
CDnet2014,streetCornerAtNight,5,1148,1
CDnet2014,streetCornerAtNight,6,1157,2
CDnet2014,streetCornerAtNight,7,1162,1
CDnet2014,streetCornerAtNight,8,1165,1
CDnet2014,streetCornerAtNight,9,1238,4
CDnet2014,streetCornerAtNight,10,1246,6
CDnet2014,streetCornerAtNight,11,1253,2
CDnet2014,streetCornerAtNight,12,1261,5
CDnet2014,streetCornerAtNight,13,1269,1
CDnet2014,streetCornerAtNight,14,1271,2
CDnet2014,streetCornerAtNight,15,1274,8
CDnet2014,streetCornerAtNight,16,1348,1
CDnet2014,streetCornerAtNight,17,1350,2
CDnet2014,streetCornerAtNight,18,1357,3
CDnet2014,streetCornerAtNight,19,1509,32
CDnet2014,streetCornerAtNight,20,1548,2
CDnet2014,streetCornerAtNight,21,1566,1
CDnet2014,streetCornerAtNight,22,1570,1
CDnet2014,streetCornerAtNight,23,1572,2
CDnet2014,streetCornerAtNight,24,1576,2
CDnet2014,streetCornerAtNight,25,1659,1
CDnet2014,streetCornerAtNight,26,1662,11
CDnet2014,streetCornerAtNight,27,1763,4
CDnet2014,streetCornerAtNight,28,1770,1
CDnet2014,streetCornerAtNight,29,1772,1
CDnet2014,streetCornerAtNight,30,1777,15
CDnet2014,streetCornerAtNight,31,1834,4
CDnet2014,streetCornerAtNight,32,1878,2
CDnet2014,streetCornerAtNight,33,1913,1
CDnet2014,streetCornerAtNight,34,2057,1
CDnet2014,streetCornerAtNight,35,2117,1
CDnet2014,streetCornerAtNight,36,2138,2
CDnet2014,streetCornerAtNight,37,2234,1
CDnet2014,streetCornerAtNight,38,2312,1
CDnet2014,streetCornerAtNight,39,2340,2
CDnet2014,streetCornerAtNight,40,2472,6
CDnet2014,streetCornerAtNight,41,2479,1
CDnet2014,streetCornerAtNight,42,2481,8
CDnet2014,streetCornerAtNight,43,2490,4
CDnet2014,streetCornerAtNight,44,2495,4
CDnet2014,streetCornerAtNight,45,2570,2
CDnet2014,streetCornerAtNight,46,2581,3
CDnet2014,streetCornerAtNight,47,2585,2
CDnet2014,streetCornerAtNight,48,2589,10
CDnet2014,streetCornerAtNight,49,2600,1
CDnet2014,streetCornerAtNight,50,2602,14
CDnet2014,streetCornerAtNight,51,2617,5
CDnet2014,streetCornerAtNight,52,2759,1
CDnet2014,streetCornerAtNight,53,2761,3
CDnet2014,streetCornerAtNight,54,2765,1
CDnet2014,streetCornerAtNight,55,2771,7
CDnet2014,streetCornerAtNight,56,2779,1
CDnet2014,streetCornerAtNight,57,2781,1
CDnet2014,streetCornerAtNight,58,2783,51
CDnet2014,streetCornerAtNight,59,2838,1
CDnet2014,streetCornerAtNight,60,2887,2
CDnet2014,streetCornerAtNight,61,2892,1
CDnet2014,streetCornerAtNight,62,2937,1
CDnet2014,streetCornerAtNight,63,2939,1
CDnet2014,streetCornerAtNight,64,2941,2
CDnet2014,streetCornerAtNight,65,2973,5
CDnet2014,streetCornerAtNight,66,2980,2
CDnet2014,streetCornerAtNight,67,2983,22
CDnet2014,streetCornerAtNight,68,3162,13
CDnet2014,streetCornerAtNight,69,3185,1
CDnet2014,streetCornerAtNight,70,3187,4
CDnet2014,streetCornerAtNight,71,3304,1
CDnet2014,streetCornerAtNight,72,3396,2
CDnet2014,streetCornerAtNight,73,3462,1
CDnet2014,streetCornerAtNight,74,3766,1
CDnet2014,streetCornerAtNight,75,3812,1
CDnet2014,streetCornerAtNight,76,3818,1
CDnet2014,streetCornerAtNight,77,3820,4
CDnet2014,streetCornerAtNight,78,3825,8
CDnet2014,streetCornerAtNight,79,3840,1
CDnet2014,streetCornerAtNight,80,3842,1
CDnet2014,streetCornerAtNight,81,3848,11
CDnet2014,streetCornerAtNight,82,3872,1
CDnet2014,streetCornerAtNight,83,3876,1
CDnet2014,streetCornerAtNight,84,3879,1
CDnet2014,streetCornerAtNight,85,3891,1
CDnet2014,streetCornerAtNight,86,3896,1
CDnet2014,streetCornerAtNight,87,3952,1
CDnet2014,streetCornerAtNight,88,3957,45
CDnet2014,streetCornerAtNight,89,4005,1
CDnet2014,streetCornerAtNight,90,4011,2
CDnet2014,streetCornerAtNight,91,4169,7
CDnet2014,streetCornerAtNight,92,4177,1
CDnet2014,streetCornerAtNight,93,4179,4
CDnet2014,streetCornerAtNight,94,4184,1
CDnet2014,streetCornerAtNight,95,4186,26
CDnet2014,streetCornerAtNight,96,4213,6
CDnet2014,streetCornerAtNight,97,4221,5
CDnet2014,streetCornerAtNight,98,4227,2
CDnet2014,streetCornerAtNight,99,4230,2
CDnet2014,streetCornerAtNight,100,4286,5
CDnet2014,streetCornerAtNight,101,4292,1
CDnet2014,streetCornerAtNight,102,4297,3
CDnet2014,streetCornerAtNight,103,4440,1
CDnet2014,streetCornerAtNight,104,4444,1
CDnet2014,streetCornerAtNight,105,4453,13
CDnet2014,streetCornerAtNight,106,4467,11
CDnet2014,streetCornerAtNight,107,4479,1
CDnet2014,streetCornerAtNight,108,4500,1
CDnet2014,streetCornerAtNight,109,4521,1
CDnet2014,streetCornerAtNight,110,4529,1
CDnet2014,streetCornerAtNight,111,4531,4
CDnet2014,streetCornerAtNight,112,4536,4
CDnet2014,streetCornerAtNight,113,4548,5
CDnet2014,streetCornerAtNight,114,4555,1
CDnet2014,streetCornerAtNight,115,4558,1
CDnet2014,streetCornerAtNight,116,4560,1
CDnet2014,streetCornerAtNight,117,4570,1
CDnet2014,streetCornerAtNight,118,4577,1
CDnet2014,streetCornerAtNight,119,4606,1
CDnet2014,streetCornerAtNight,120,4608,1
CDnet2014,streetCornerAtNight,121,4658,5
CDnet2014,streetCornerAtNight,122,4664,1
CDnet2014,streetCornerAtNight,123,4667,1
CDnet2014,streetCornerAtNight,124,4669,2
CDnet2014,streetCornerAtNight,125,4675,1
CDnet2014,streetCornerAtNight,126,4709,1
CDnet2014,streetCornerAtNight,127,4714,2
CDnet2014,streetCornerAtNight,128,4778,1
CDnet2014,streetCornerAtNight,129,4784,1
CDnet2014,streetCornerAtNight,130,4786,6
CDnet2014,streetCornerAtNight,131,4795,46
CDnet2014,streetCornerAtNight,132,4842,1
CDnet2014,streetCornerAtNight,133,4844,7
CDnet2014,streetCornerAtNight,134,4852,2
CDnet2014,streetCornerAtNight,135,4855,17
CDnet2014,streetCornerAtNight,136,4873,2
CDnet2014,streetCornerAtNight,137,4876,1
CDnet2014,streetCornerAtNight,138,4878,2
CDnet2014,streetCornerAtNight,139,4881,3
CDnet2014,streetCornerAtNight,140,4891,1
CDnet2014,streetCornerAtNight,141,4897,6
CDnet2014,streetCornerAtNight,142,4904,1
CDnet2014,streetCornerAtNight,143,4954,1
CDnet2014,streetCornerAtNight,144,5013,1
CDnet2014,streetCornerAtNight,145,5015,2
CDnet2014,tramStation,0,501,42
CDnet2014,tramStation,1,544,12
CDnet2014,tramStation,2,557,1
CDnet2014,tramStation,3,580,1
CDnet2014,tramStation,4,584,3
CDnet2014,tramStation,5,591,1
CDnet2014,tramStation,6,593,1
CDnet2014,tramStation,7,602,1
CDnet2014,tramStation,8,605,28
CDnet2014,tramStation,9,634,17
CDnet2014,tramStation,10,652,3
CDnet2014,tramStation,11,657,17
CDnet2014,tramStation,12,675,2
CDnet2014,tramStation,13,678,115
CDnet2014,tramStation,14,794,1
CDnet2014,tramStation,15,798,1
CDnet2014,tramStation,16,800,3
CDnet2014,tramStation,17,804,2
CDnet2014,tramStation,18,807,2
CDnet2014,tramStation,19,810,1
CDnet2014,tramStation,20,812,10
CDnet2014,tramStation,21,823,2
CDnet2014,tramStation,22,826,1
CDnet2014,tramStation,23,829,2
CDnet2014,tramStation,24,834,1
CDnet2014,tramStation,25,836,2
CDnet2014,tramStation,26,839,1
CDnet2014,tramStation,27,842,1
CDnet2014,tramStation,28,844,1
CDnet2014,tramStation,29,847,1
CDnet2014,tramStation,30,849,1
CDnet2014,tramStation,31,853,1
CDnet2014,tramStation,32,856,1
CDnet2014,tramStation,33,858,1
CDnet2014,tramStation,34,860,11
CDnet2014,tramStation,35,873,17
CDnet2014,tramStation,36,891,63
CDnet2014,tramStation,37,955,251
CDnet2014,tramStation,38,1209,3
CDnet2014,tramStation,39,1213,23
CDnet2014,tramStation,40,1237,6
CDnet2014,tramStation,41,1244,39
CDnet2014,tramStation,42,1286,171
CDnet2014,tramStation,43,1458,149
CDnet2014,tramStation,44,1608,7
CDnet2014,tramStation,45,1616,61
CDnet2014,tramStation,46,1678,8
CDnet2014,tramStation,47,1687,235
CDnet2014,tramStation,48,1923,753
CDnet2014,tramStation,49,2677,130
CDnet2014,tramStation,50,2808,8
CDnet2014,tramStation,51,2819,3
CDnet2014,tramStation,52,2826,5
CDnet2014,tramStation,53,2832,4
CDnet2014,tramStation,54,2841,11
CDnet2014,tramStation,55,2857,3
CDnet2014,tramStation,56,2861,26
CDnet2014,tramStation,57,2888,3
CDnet2014,tramStation,58,2892,2
CDnet2014,tramStation,59,2895,1
CDnet2014,tramStation,60,2897,6
CDnet2014,tramStation,61,2904,14
CDnet2014,tramStation,62,2920,1
CDnet2014,tramStation,63,2922,28
CDnet2014,tramStation,64,2951,2
CDnet2014,tramStation,65,2954,1
CDnet2014,tramStation,66,2956,45
CDnet2014,winterStreet,0,901,181
CDnet2014,winterStreet,1,1083,39
CDnet2014,winterStreet,2,1123,1
CDnet2014,winterStreet,3,1125,19
CDnet2014,winterStreet,4,1146,3
CDnet2014,winterStreet,5,1195,2
CDnet2014,winterStreet,6,1199,1
CDnet2014,winterStreet,7,1208,1
CDnet2014,winterStreet,8,1214,1
CDnet2014,winterStreet,9,1220,2
CDnet2014,winterStreet,10,1224,46
CDnet2014,winterStreet,11,1271,1
CDnet2014,winterStreet,12,1273,1
CDnet2014,winterStreet,13,1275,15
CDnet2014,winterStreet,14,1292,186
CDnet2014,winterStreet,15,1479,4
CDnet2014,winterStreet,16,1485,3
CDnet2014,winterStreet,17,1494,1
CDnet2014,winterStreet,18,1506,1
CDnet2014,winterStreet,19,1508,1
CDnet2014,winterStreet,20,1511,3
CDnet2014,winterStreet,21,1515,1
CDnet2014,winterStreet,22,1518,4
CDnet2014,winterStreet,23,1523,2
CDnet2014,winterStreet,24,1527,3
CDnet2014,winterStreet,25,1531,223
CDnet2014,winterStreet,26,1756,30
CDnet2014,continuousPan,0,601,9
CDnet2014,continuousPan,1,626,1
CDnet2014,continuousPan,2,648,1
CDnet2014,continuousPan,3,650,1
CDnet2014,continuousPan,4,653,2
CDnet2014,continuousPan,5,659,2
CDnet2014,continuousPan,6,663,1
CDnet2014,continuousPan,7,665,3
CDnet2014,continuousPan,8,673,1
CDnet2014,continuousPan,9,676,2
CDnet2014,continuousPan,10,679,6
CDnet2014,continuousPan,11,686,7
CDnet2014,continuousPan,12,694,1
CDnet2014,continuousPan,13,696,14
CDnet2014,continuousPan,14,712,2
CDnet2014,continuousPan,15,717,1
CDnet2014,continuousPan,16,723,878
CDnet2014,continuousPan,17,1602,1
CDnet2014,continuousPan,18,1604,2
CDnet2014,continuousPan,19,1610,3
CDnet2014,continuousPan,20,1614,5
CDnet2014,continuousPan,21,1620,2
CDnet2014,continuousPan,22,1623,1
CDnet2014,continuousPan,23,1625,2
CDnet2014,continuousPan,24,1630,1
CDnet2014,continuousPan,25,1632,2
CDnet2014,continuousPan,26,1635,9
CDnet2014,continuousPan,27,1645,6
CDnet2014,continuousPan,28,1653,1
CDnet2014,continuousPan,29,1657,44
CDnet2014,intermittentPan,0,1201,194
CDnet2014,intermittentPan,1,1399,1
CDnet2014,intermittentPan,2,1427,1
CDnet2014,intermittentPan,3,1434,1
CDnet2014,intermittentPan,4,1458,1
CDnet2014,intermittentPan,5,1483,14
CDnet2014,intermittentPan,6,1498,14
CDnet2014,intermittentPan,7,1513,16
CDnet2014,intermittentPan,8,1530,90
CDnet2014,intermittentPan,9,1622,1
CDnet2014,intermittentPan,10,1627,8
CDnet2014,intermittentPan,11,1642,17
CDnet2014,intermittentPan,12,1661,321
CDnet2014,intermittentPan,13,1983,12
CDnet2014,intermittentPan,14,1996,1
CDnet2014,intermittentPan,15,2014,4
CDnet2014,intermittentPan,16,2019,2
CDnet2014,intermittentPan,17,2022,1
CDnet2014,intermittentPan,18,2024,17
CDnet2014,intermittentPan,19,2042,81
CDnet2014,intermittentPan,20,2125,13
CDnet2014,intermittentPan,21,2243,132
CDnet2014,intermittentPan,22,2385,27
CDnet2014,intermittentPan,23,2458,35
CDnet2014,intermittentPan,24,2586,27
CDnet2014,intermittentPan,25,2614,14
CDnet2014,intermittentPan,26,2629,71
CDnet2014,intermittentPan,27,2701,10
CDnet2014,intermittentPan,28,2732,8
CDnet2014,intermittentPan,29,2741,2
CDnet2014,intermittentPan,30,2746,454
CDnet2014,intermittentPan,31,3204,12
CDnet2014,intermittentPan,32,3217,1
CDnet2014,intermittentPan,33,3219,79
CDnet2014,intermittentPan,34,3299,144
CDnet2014,intermittentPan,35,3444,11
CDnet2014,intermittentPan,36,3456,10
CDnet2014,intermittentPan,37,3480,21
CDnet2014,twoPositionPTZCam,0,801,253
CDnet2014,twoPositionPTZCam,1,1060,27
CDnet2014,twoPositionPTZCam,2,1089,3
CDnet2014,twoPositionPTZCam,3,1093,3
CDnet2014,twoPositionPTZCam,4,1108,5
CDnet2014,twoPositionPTZCam,5,1116,4
CDnet2014,twoPositionPTZCam,6,1121,89
CDnet2014,twoPositionPTZCam,7,1213,11
CDnet2014,twoPositionPTZCam,8,1225,1
CDnet2014,twoPositionPTZCam,9,1227,3
CDnet2014,twoPositionPTZCam,10,1231,5
CDnet2014,twoPositionPTZCam,11,1237,3
CDnet2014,twoPositionPTZCam,12,1250,18
CDnet2014,twoPositionPTZCam,13,1269,1
CDnet2014,twoPositionPTZCam,14,1278,34
CDnet2014,twoPositionPTZCam,15,1341,10
CDnet2014,twoPositionPTZCam,16,1352,6
CDnet2014,twoPositionPTZCam,17,1360,26
CDnet2014,twoPositionPTZCam,18,1401,209
CDnet2014,twoPositionPTZCam,19,1613,1
CDnet2014,twoPositionPTZCam,20,1616,1
CDnet2014,twoPositionPTZCam,21,1618,5
CDnet2014,twoPositionPTZCam,22,1625,8
CDnet2014,twoPositionPTZCam,23,1645,1
CDnet2014,twoPositionPTZCam,24,1648,1
CDnet2014,twoPositionPTZCam,25,1651,1
CDnet2014,twoPositionPTZCam,26,1653,9
CDnet2014,twoPositionPTZCam,27,1667,1
CDnet2014,twoPositionPTZCam,28,1671,4
CDnet2014,twoPositionPTZCam,29,1707,32
CDnet2014,twoPositionPTZCam,30,1788,1
CDnet2014,twoPositionPTZCam,31,1809,5
CDnet2014,twoPositionPTZCam,32,1816,4
CDnet2014,twoPositionPTZCam,33,1821,1
CDnet2014,twoPositionPTZCam,34,1823,2
CDnet2014,twoPositionPTZCam,35,1832,5
CDnet2014,twoPositionPTZCam,36,1838,81
CDnet2014,twoPositionPTZCam,37,1950,241
CDnet2014,twoPositionPTZCam,38,2203,1
CDnet2014,twoPositionPTZCam,39,2205,57
CDnet2014,twoPositionPTZCam,40,2263,30
CDnet2014,twoPositionPTZCam,41,2295,6
CDnet2014,zoomInZoomOut,0,501,127
CDnet2014,zoomInZoomOut,1,629,2
CDnet2014,zoomInZoomOut,2,632,2
CDnet2014,zoomInZoomOut,3,635,18
CDnet2014,zoomInZoomOut,4,660,11
CDnet2014,zoomInZoomOut,5,672,1
CDnet2014,zoomInZoomOut,6,674,1
CDnet2014,zoomInZoomOut,7,676,331
CDnet2014,zoomInZoomOut,8,1013,2
CDnet2014,zoomInZoomOut,9,1016,5
CDnet2014,zoomInZoomOut,10,1023,15
CDnet2014,zoomInZoomOut,11,1039,2
CDnet2014,zoomInZoomOut,12,1042,2
CDnet2014,zoomInZoomOut,13,1046,6
CDnet2014,zoomInZoomOut,14,1053,1
CDnet2014,zoomInZoomOut,15,1055,4
CDnet2014,zoomInZoomOut,16,1061,1
CDnet2014,zoomInZoomOut,17,1063,2
CDnet2014,zoomInZoomOut,18,1067,1
CDnet2014,zoomInZoomOut,19,1069,1
CDnet2014,zoomInZoomOut,20,1075,1
CDnet2014,backdoor,0,401,1600
CDnet2014,bungalows,0,301,1400
CDnet2014,busStation,0,301,840
CDnet2014,busStation,1,1153,2
CDnet2014,copyMachine,0,501,883
CDnet2014,copyMachine,1,1386,2
CDnet2014,copyMachine,2,1441,1
CDnet2014,copyMachine,3,1443,909
CDnet2014,copyMachine,4,2353,1
CDnet2014,copyMachine,5,2355,5
CDnet2014,copyMachine,6,2394,6
CDnet2014,copyMachine,7,2401,366
CDnet2014,copyMachine,8,2768,25
CDnet2014,copyMachine,9,2794,9
CDnet2014,copyMachine,10,2804,9
CDnet2014,copyMachine,11,2819,2
CDnet2014,copyMachine,12,2822,1
CDnet2014,copyMachine,13,2826,1
CDnet2014,copyMachine,14,2829,1
CDnet2014,copyMachine,15,2833,1
CDnet2014,copyMachine,16,2835,3
CDnet2014,copyMachine,17,2839,5
CDnet2014,copyMachine,18,2910,7
CDnet2014,copyMachine,19,2918,309
CDnet2014,copyMachine,20,3235,2
CDnet2014,copyMachine,21,3240,1
CDnet2014,copyMachine,22,3242,2
CDnet2014,copyMachine,23,3250,151
CDnet2014,cubicle,0,1101,6300
CDnet2014,peopleInShade,0,288,79
CDnet2014,peopleInShade,1,438,70
CDnet2014,peopleInShade,2,575,230
CDnet2014,peopleInShade,3,834,137
CDnet2014,peopleInShade,4,1057,62
CDnet2014,corridor,0,575,1
CDnet2014,corridor,1,577,2
CDnet2014,corridor,2,580,15
CDnet2014,corridor,3,596,288
CDnet2014,corridor,4,885,141
CDnet2014,corridor,5,1027,4
CDnet2014,corridor,6,1032,6
CDnet2014,corridor,7,1039,5
CDnet2014,corridor,8,1045,5
CDnet2014,corridor,9,1051,75
CDnet2014,corridor,10,1127,1
CDnet2014,corridor,11,1130,34
CDnet2014,corridor,12,1166,3
CDnet2014,corridor,13,1170,8
CDnet2014,corridor,14,1179,2
CDnet2014,corridor,15,1182,1
CDnet2014,corridor,16,1184,2
CDnet2014,corridor,17,1187,4
CDnet2014,corridor,18,1193,2
CDnet2014,corridor,19,1197,3
CDnet2014,corridor,20,1202,2
CDnet2014,corridor,21,1206,4
CDnet2014,corridor,22,1211,1
CDnet2014,corridor,23,1213,1
CDnet2014,corridor,24,1221,1
CDnet2014,corridor,25,1227,1
CDnet2014,corridor,26,1234,1
CDnet2014,corridor,27,1236,1
CDnet2014,corridor,28,1238,1
CDnet2014,corridor,29,1240,1
CDnet2014,corridor,30,1243,11
CDnet2014,corridor,31,1255,4
CDnet2014,corridor,32,1260,3
CDnet2014,corridor,33,1264,20
CDnet2014,corridor,34,1285,2
CDnet2014,corridor,35,1288,13
CDnet2014,corridor,36,1303,1
CDnet2014,corridor,37,1305,16
CDnet2014,corridor,38,1322,9
CDnet2014,corridor,39,1332,25
CDnet2014,corridor,40,1358,2
CDnet2014,corridor,41,1361,1
CDnet2014,corridor,42,1363,1
CDnet2014,corridor,43,1367,3
CDnet2014,corridor,44,1371,3
CDnet2014,corridor,45,1375,2
CDnet2014,corridor,46,1378,1
CDnet2014,corridor,47,1380,5
CDnet2014,corridor,48,1386,209
CDnet2014,corridor,49,1596,3
CDnet2014,corridor,50,1600,432
CDnet2014,corridor,51,2033,4
CDnet2014,corridor,52,2038,15
CDnet2014,corridor,53,2054,1
CDnet2014,corridor,54,2338,1
CDnet2014,corridor,55,2340,1
CDnet2014,corridor,56,2342,2
CDnet2014,corridor,57,2346,43
CDnet2014,corridor,58,2394,209
CDnet2014,corridor,59,2605,1
CDnet2014,corridor,60,2993,1
CDnet2014,corridor,61,2995,12
CDnet2014,corridor,62,3009,3
CDnet2014,corridor,63,3020,5
CDnet2014,corridor,64,3026,4
CDnet2014,corridor,65,3031,70
CDnet2014,corridor,66,3103,1
CDnet2014,corridor,67,3107,25
CDnet2014,corridor,68,3138,9
CDnet2014,corridor,69,3148,4
CDnet2014,corridor,70,3153,2
CDnet2014,corridor,71,3156,28
CDnet2014,corridor,72,3185,3
CDnet2014,corridor,73,3203,6
CDnet2014,corridor,74,3212,3
CDnet2014,corridor,75,3222,2
CDnet2014,corridor,76,3244,29
CDnet2014,corridor,77,3274,1
CDnet2014,corridor,78,3276,7
CDnet2014,corridor,79,3285,5
CDnet2014,corridor,80,3291,1
CDnet2014,corridor,81,3305,3
CDnet2014,corridor,82,3309,2
CDnet2014,corridor,83,3315,1
CDnet2014,corridor,84,3317,3
CDnet2014,corridor,85,3321,9
CDnet2014,corridor,86,3332,15
CDnet2014,corridor,87,3351,5
CDnet2014,corridor,88,3359,1
CDnet2014,corridor,89,3363,1
CDnet2014,corridor,90,3365,1
CDnet2014,corridor,91,3367,4
CDnet2014,corridor,92,3373,3
CDnet2014,corridor,93,3394,1
CDnet2014,corridor,94,3401,1
CDnet2014,corridor,95,3408,1
CDnet2014,corridor,96,3414,1
CDnet2014,corridor,97,3417,2
CDnet2014,corridor,98,3420,1
CDnet2014,corridor,99,3422,26
CDnet2014,corridor,100,3449,16
CDnet2014,corridor,101,3466,9
CDnet2014,corridor,102,3476,2
CDnet2014,corridor,103,3479,5
CDnet2014,corridor,104,3485,1
CDnet2014,corridor,105,3487,7
CDnet2014,corridor,106,3495,4
CDnet2014,corridor,107,3500,1
CDnet2014,corridor,108,3504,1
CDnet2014,corridor,109,3507,2
CDnet2014,corridor,110,3511,2
CDnet2014,corridor,111,3514,2
CDnet2014,corridor,112,3840,1
CDnet2014,corridor,113,4022,1
CDnet2014,corridor,114,4040,1
CDnet2014,corridor,115,4565,2
CDnet2014,corridor,116,4574,215
CDnet2014,corridor,117,4912,1
CDnet2014,corridor,118,4916,76
CDnet2014,corridor,119,4993,58
CDnet2014,corridor,120,5052,1
CDnet2014,diningRoom,0,701,1095
CDnet2014,diningRoom,1,1798,3
CDnet2014,diningRoom,2,1803,2
CDnet2014,diningRoom,3,1806,24
CDnet2014,diningRoom,4,1831,64
CDnet2014,diningRoom,5,1896,258
CDnet2014,diningRoom,6,2155,1
CDnet2014,diningRoom,7,2157,3
CDnet2014,diningRoom,8,2161,542
CDnet2014,diningRoom,9,2704,67
CDnet2014,diningRoom,10,2772,67
CDnet2014,diningRoom,11,2841,431
CDnet2014,diningRoom,12,3273,428
CDnet2014,lakeSide,0,1062,13
CDnet2014,lakeSide,1,1107,5
CDnet2014,lakeSide,2,1113,3
CDnet2014,lakeSide,3,1122,3
CDnet2014,lakeSide,4,1127,4
CDnet2014,lakeSide,5,1132,16
CDnet2014,lakeSide,6,1149,7
CDnet2014,lakeSide,7,1181,6
CDnet2014,lakeSide,8,1196,2
CDnet2014,lakeSide,9,1199,4
CDnet2014,lakeSide,10,1204,662
CDnet2014,lakeSide,11,1867,101
CDnet2014,lakeSide,12,1969,65
CDnet2014,lakeSide,13,2035,10
CDnet2014,lakeSide,14,2046,12
CDnet2014,lakeSide,15,2061,1
CDnet2014,lakeSide,16,2063,2
CDnet2014,lakeSide,17,2066,3
CDnet2014,lakeSide,18,2071,25
CDnet2014,lakeSide,19,2097,1
CDnet2014,lakeSide,20,2103,10
CDnet2014,lakeSide,21,2117,4
CDnet2014,lakeSide,22,2124,2
CDnet2014,lakeSide,23,2127,10
CDnet2014,lakeSide,24,2138,4
CDnet2014,lakeSide,25,2143,6
CDnet2014,lakeSide,26,2150,37
CDnet2014,lakeSide,27,2188,5
CDnet2014,lakeSide,28,2194,821
CDnet2014,lakeSide,29,3016,93
CDnet2014,lakeSide,30,3110,513
CDnet2014,lakeSide,31,3624,7
CDnet2014,lakeSide,32,3632,155
CDnet2014,lakeSide,33,3788,30
CDnet2014,lakeSide,34,3819,151
CDnet2014,lakeSide,35,3971,232
CDnet2014,lakeSide,36,4205,15
CDnet2014,lakeSide,37,4221,78
CDnet2014,lakeSide,38,4301,9
CDnet2014,lakeSide,39,4312,2
CDnet2014,lakeSide,40,4316,39
CDnet2014,lakeSide,41,4356,2
CDnet2014,lakeSide,42,4359,4
CDnet2014,lakeSide,43,4364,3
CDnet2014,lakeSide,44,4369,11
CDnet2014,lakeSide,45,4381,14
CDnet2014,lakeSide,46,4404,5
CDnet2014,lakeSide,47,4413,1
CDnet2014,lakeSide,48,4417,17
CDnet2014,lakeSide,49,4435,17
CDnet2014,lakeSide,50,4453,39
CDnet2014,lakeSide,51,4493,1
CDnet2014,lakeSide,52,4495,1
CDnet2014,lakeSide,53,4498,2
CDnet2014,lakeSide,54,4501,17
CDnet2014,lakeSide,55,4520,1
CDnet2014,lakeSide,56,4522,1
CDnet2014,lakeSide,57,4588,1
CDnet2014,lakeSide,58,4591,4
CDnet2014,lakeSide,59,4597,1
CDnet2014,lakeSide,60,4599,1
CDnet2014,lakeSide,61,4602,1
CDnet2014,lakeSide,62,4671,1
CDnet2014,lakeSide,63,4676,2
CDnet2014,lakeSide,64,4690,1
CDnet2014,lakeSide,65,4692,7
CDnet2014,lakeSide,66,4700,3
CDnet2014,lakeSide,67,4721,1
CDnet2014,lakeSide,68,4728,2
CDnet2014,lakeSide,69,4732,2
CDnet2014,lakeSide,70,4754,196
CDnet2014,lakeSide,71,4951,349
CDnet2014,lakeSide,72,5301,38
CDnet2014,lakeSide,73,5340,1
CDnet2014,lakeSide,74,5344,3
CDnet2014,lakeSide,75,5349,8
CDnet2014,lakeSide,76,5358,1
CDnet2014,lakeSide,77,5366,2
CDnet2014,lakeSide,78,5376,6
CDnet2014,lakeSide,79,5383,1
CDnet2014,lakeSide,80,5385,4
CDnet2014,lakeSide,81,5390,2
CDnet2014,lakeSide,82,5396,2
CDnet2014,lakeSide,83,5402,3
CDnet2014,lakeSide,84,5893,1
CDnet2014,lakeSide,85,5898,1
CDnet2014,lakeSide,86,5907,15
CDnet2014,lakeSide,87,5923,1
CDnet2014,lakeSide,88,5955,1
CDnet2014,lakeSide,89,5957,1
CDnet2014,lakeSide,90,5959,1
CDnet2014,lakeSide,91,5969,1
CDnet2014,lakeSide,92,5971,1
CDnet2014,lakeSide,93,5973,5
CDnet2014,lakeSide,94,5979,2
CDnet2014,lakeSide,95,5982,2
CDnet2014,lakeSide,96,6079,1
CDnet2014,lakeSide,97,6090,1
CDnet2014,lakeSide,98,6099,1
CDnet2014,lakeSide,99,6171,4
CDnet2014,lakeSide,100,6176,2
CDnet2014,lakeSide,101,6179,2
CDnet2014,lakeSide,102,6182,5
CDnet2014,lakeSide,103,6188,8
CDnet2014,lakeSide,104,6197,5
CDnet2014,lakeSide,105,6206,2
CDnet2014,lakeSide,106,6210,5
CDnet2014,lakeSide,107,6225,7
CDnet2014,lakeSide,108,6235,3
CDnet2014,lakeSide,109,6239,1
CDnet2014,lakeSide,110,6242,1
CDnet2014,lakeSide,111,6244,2
CDnet2014,lakeSide,112,6248,1
CDnet2014,lakeSide,113,6252,2
CDnet2014,lakeSide,114,6258,1
CDnet2014,lakeSide,115,6261,2
CDnet2014,lakeSide,116,6272,1
CDnet2014,lakeSide,117,6286,1
CDnet2014,lakeSide,118,6288,1
CDnet2014,lakeSide,119,6295,5
CDnet2014,lakeSide,120,6305,6
CDnet2014,lakeSide,121,6312,6
CDnet2014,lakeSide,122,6319,1
CDnet2014,lakeSide,123,6321,1
CDnet2014,lakeSide,124,6323,19
CDnet2014,lakeSide,125,6345,1
CDnet2014,lakeSide,126,6347,2
CDnet2014,lakeSide,127,6350,1
CDnet2014,lakeSide,128,6352,1
CDnet2014,lakeSide,129,6409,2
CDnet2014,lakeSide,130,6413,7
CDnet2014,lakeSide,131,6421,4
CDnet2014,lakeSide,132,6427,1
CDnet2014,lakeSide,133,6433,1
CDnet2014,library,0,863,2
CDnet2014,library,1,868,3
CDnet2014,library,2,872,3506
CDnet2014,library,3,4379,2
CDnet2014,library,4,4382,1
CDnet2014,library,5,4384,92
CDnet2014,library,6,4488,2
CDnet2014,library,7,4499,1
CDnet2014,library,8,4506,1
CDnet2014,library,9,4512,1
CDnet2014,library,10,4530,1
CDnet2014,library,11,4532,1
CDnet2014,library,12,4541,2
CDnet2014,library,13,4551,1
CDnet2014,library,14,4553,2
CDnet2014,library,15,4562,1
CDnet2014,library,16,4564,1
CDnet2014,library,17,4571,1
CDnet2014,library,18,4578,1
CDnet2014,library,19,4583,1
CDnet2014,library,20,4586,2
CDnet2014,library,21,4603,1
CDnet2014,library,22,4607,1
CDnet2014,library,23,4614,1
CDnet2014,library,24,4621,1
CDnet2014,library,25,4623,2
CDnet2014,library,26,4635,1
CDnet2014,library,27,4639,1
CDnet2014,library,28,4651,1
CDnet2014,library,29,4657,1
CDnet2014,library,30,4660,1
CDnet2014,library,31,4663,1
CDnet2014,library,32,4666,2
CDnet2014,library,33,4670,1
CDnet2014,library,34,4673,1
CDnet2014,library,35,4682,2
CDnet2014,library,36,4686,1
CDnet2014,library,37,4689,1
CDnet2014,library,38,4693,1
CDnet2014,library,39,4696,2
CDnet2014,library,40,4703,1
CDnet2014,library,41,4714,1
CDnet2014,library,42,4724,1
CDnet2014,library,43,4726,1
CDnet2014,library,44,4735,1
CDnet2014,library,45,4738,1
CDnet2014,library,46,4741,1
CDnet2014,library,47,4744,1
CDnet2014,library,48,4746,1
CDnet2014,library,49,4750,1
CDnet2014,library,50,4752,2
CDnet2014,library,51,4758,1
CDnet2014,library,52,4761,2
CDnet2014,library,53,4766,2
CDnet2014,library,54,4770,1
CDnet2014,library,55,4772,2
CDnet2014,library,56,4782,1
CDnet2014,library,57,4785,1
CDnet2014,library,58,4787,1
CDnet2014,library,59,4792,1
CDnet2014,library,60,4795,1
CDnet2014,library,61,4799,1
CDnet2014,library,62,4808,2
CDnet2014,library,63,4812,2
CDnet2014,library,64,4818,2
CDnet2014,library,65,4831,1
CDnet2014,library,66,4840,3
CDnet2014,library,67,4844,1
CDnet2014,library,68,4849,1
CDnet2014,library,69,4851,3
CDnet2014,library,70,4857,1
CDnet2014,library,71,4859,1
CDnet2014,library,72,4863,1
CDnet2014,library,73,4868,1
CDnet2014,library,74,4871,2
CDnet2014,library,75,4875,2
CDnet2014,library,76,4884,1
CDnet2014,library,77,4886,2
CDnet2014,library,78,4889,1
CDnet2014,library,79,4894,1
CDnet2014,park,0,251,22
CDnet2014,park,1,274,2
CDnet2014,park,2,277,70
CDnet2014,park,3,349,3
CDnet2014,park,4,353,16
CDnet2014,park,5,370,1
CDnet2014,park,6,372,1
CDnet2014,park,7,374,2
CDnet2014,park,8,378,4
CDnet2014,park,9,385,1
CDnet2014,park,10,388,8
CDnet2014,park,11,397,1
CDnet2014,park,12,402,5
CDnet2014,park,13,409,1
CDnet2014,park,14,452,1
CDnet2014,park,15,465,3
CDnet2014,park,16,469,1
CDnet2014,park,17,476,2
CDnet2014,park,18,484,1
CDnet2014,park,19,486,9
CDnet2014,park,20,496,8
CDnet2014,park,21,505,58
CDnet2014,park,22,566,6
CDnet2014,turbulence0,0,1001,1
CDnet2014,turbulence0,1,1015,1
CDnet2014,turbulence0,2,1025,1
CDnet2014,turbulence0,3,1032,1
CDnet2014,turbulence0,4,1051,1
CDnet2014,turbulence0,5,1062,2
CDnet2014,turbulence0,6,1078,1
CDnet2014,turbulence0,7,1210,2
CDnet2014,turbulence0,8,1297,1
CDnet2014,turbulence0,9,1569,1
CDnet2014,turbulence0,10,1624,2
CDnet2014,turbulence0,11,1627,1
CDnet2014,turbulence0,12,1629,2
CDnet2014,turbulence0,13,1635,6
CDnet2014,turbulence0,14,1643,5
CDnet2014,turbulence0,15,1649,2
CDnet2014,turbulence0,16,1652,2
CDnet2014,turbulence0,17,1655,5
CDnet2014,turbulence0,18,1661,1
CDnet2014,turbulence0,19,1663,2
CDnet2014,turbulence0,20,1667,5
CDnet2014,turbulence0,21,1679,2
CDnet2014,turbulence0,22,1682,6
CDnet2014,turbulence0,23,1690,1
CDnet2014,turbulence0,24,1694,2
CDnet2014,turbulence0,25,1697,3
CDnet2014,turbulence0,26,1701,1
CDnet2014,turbulence0,27,1711,1
CDnet2014,turbulence0,28,1715,2
CDnet2014,turbulence0,29,1719,1
CDnet2014,turbulence0,30,1721,3
CDnet2014,turbulence0,31,1725,3
CDnet2014,turbulence0,32,1729,3
CDnet2014,turbulence0,33,1733,2
CDnet2014,turbulence0,34,1736,1
CDnet2014,turbulence0,35,1743,2
CDnet2014,turbulence0,36,1746,1
CDnet2014,turbulence0,37,1748,1
CDnet2014,turbulence0,38,1750,1
CDnet2014,turbulence0,39,1752,16
CDnet2014,turbulence0,40,1769,12
CDnet2014,turbulence0,41,1782,2
CDnet2014,turbulence0,42,1785,8
CDnet2014,turbulence0,43,1794,35
CDnet2014,turbulence0,44,1830,28
CDnet2014,turbulence0,45,1859,1
CDnet2014,turbulence0,46,1861,7
CDnet2014,turbulence0,47,1869,9
CDnet2014,turbulence0,48,1880,2
CDnet2014,turbulence0,49,1883,1
CDnet2014,turbulence0,50,1886,1
CDnet2014,turbulence0,51,1895,3
CDnet2014,turbulence0,52,1910,1
CDnet2014,turbulence0,53,1913,2
CDnet2014,turbulence0,54,1916,1
CDnet2014,turbulence0,55,1920,1
CDnet2014,turbulence0,56,1923,1
CDnet2014,turbulence0,57,1985,1
CDnet2014,turbulence0,58,1987,1
CDnet2014,turbulence0,59,1991,1
CDnet2014,turbulence0,60,1994,1
CDnet2014,turbulence0,61,2007,1
CDnet2014,turbulence0,62,2042,2
CDnet2014,turbulence0,63,2049,1
CDnet2014,turbulence0,64,2110,1
CDnet2014,turbulence0,65,2119,1
CDnet2014,turbulence0,66,2161,1
CDnet2014,turbulence0,67,2176,1
CDnet2014,turbulence0,68,2207,2
CDnet2014,turbulence0,69,2211,1
CDnet2014,turbulence0,70,2214,1
CDnet2014,turbulence0,71,2226,1
CDnet2014,turbulence0,72,2249,1
CDnet2014,turbulence0,73,2254,2
CDnet2014,turbulence0,74,2260,1
CDnet2014,turbulence0,75,2263,2
CDnet2014,turbulence0,76,2271,2
CDnet2014,turbulence0,77,2275,1
CDnet2014,turbulence0,78,2282,1
CDnet2014,turbulence0,79,2284,2
CDnet2014,turbulence0,80,2287,1
CDnet2014,turbulence0,81,2291,1
CDnet2014,turbulence0,82,2299,4
CDnet2014,turbulence0,83,2304,1
CDnet2014,turbulence0,84,2309,3
CDnet2014,turbulence0,85,2313,5
CDnet2014,turbulence0,86,2319,5
CDnet2014,turbulence0,87,2325,6
CDnet2014,turbulence0,88,2332,5
CDnet2014,turbulence0,89,2340,1
CDnet2014,turbulence0,90,2342,1
CDnet2014,turbulence0,91,2344,1
CDnet2014,turbulence0,92,2348,1
CDnet2014,turbulence0,93,2350,1
CDnet2014,turbulence0,94,2352,1
CDnet2014,turbulence0,95,2355,2
CDnet2014,turbulence0,96,2358,2
CDnet2014,turbulence0,97,2361,1
CDnet2014,turbulence0,98,2365,6
CDnet2014,turbulence0,99,2372,5
CDnet2014,turbulence0,100,2378,3
CDnet2014,turbulence0,101,2382,3
CDnet2014,turbulence0,102,2390,4
CDnet2014,turbulence0,103,2395,1
CDnet2014,turbulence0,104,2397,1
CDnet2014,turbulence0,105,2402,1
CDnet2014,turbulence0,106,2404,3
CDnet2014,turbulence0,107,2408,2
CDnet2014,turbulence0,108,2413,5
CDnet2014,turbulence0,109,2419,1
CDnet2014,turbulence0,110,2423,1
CDnet2014,turbulence0,111,2426,1
CDnet2014,turbulence0,112,2429,9
CDnet2014,turbulence0,113,2439,2
CDnet2014,turbulence0,114,2443,3
CDnet2014,turbulence0,115,2448,2
CDnet2014,turbulence0,116,2452,1
CDnet2014,turbulence0,117,2454,6
CDnet2014,turbulence0,118,2461,20
CDnet2014,turbulence0,119,2482,2
CDnet2014,turbulence0,120,2489,2
CDnet2014,turbulence0,121,2498,1
CDnet2014,turbulence0,122,2500,1
CDnet2014,turbulence0,123,2507,2
CDnet2014,turbulence0,124,2536,1
CDnet2014,turbulence0,125,2547,1
CDnet2014,turbulence0,126,2559,1
CDnet2014,turbulence0,127,2564,1
CDnet2014,turbulence0,128,2568,1
CDnet2014,turbulence0,129,2575,2
CDnet2014,turbulence0,130,2589,1
CDnet2014,turbulence0,131,2603,1
CDnet2014,turbulence0,132,2694,1
CDnet2014,turbulence0,133,2701,1
CDnet2014,turbulence0,134,2713,1
CDnet2014,turbulence0,135,2722,1
CDnet2014,turbulence0,136,2809,1
CDnet2014,turbulence0,137,2858,1
CDnet2014,turbulence0,138,2902,1
CDnet2014,turbulence0,139,2928,1
CDnet2014,turbulence0,140,2951,1
CDnet2014,turbulence0,141,2959,1
CDnet2014,turbulence0,142,2968,1
CDnet2014,turbulence0,143,2970,1
CDnet2014,turbulence0,144,2976,1
CDnet2014,turbulence0,145,2984,2
CDnet2014,turbulence0,146,3090,1
CDnet2014,turbulence0,147,3220,1
CDnet2014,turbulence0,148,3229,1
CDnet2014,turbulence0,149,3271,1
CDnet2014,turbulence0,150,3358,1
CDnet2014,turbulence0,151,3361,1
CDnet2014,turbulence0,152,3389,1
CDnet2014,turbulence0,153,3420,1
CDnet2014,turbulence0,154,3427,1
CDnet2014,turbulence0,155,3451,1
CDnet2014,turbulence0,156,3481,1
CDnet2014,turbulence0,157,3537,1
CDnet2014,turbulence0,158,3625,1
CDnet2014,turbulence0,159,3644,1
CDnet2014,turbulence0,160,3651,2
CDnet2014,turbulence0,161,3654,1
CDnet2014,turbulence0,162,3659,1
CDnet2014,turbulence0,163,3665,2
CDnet2014,turbulence0,164,3671,1
CDnet2014,turbulence0,165,3676,2
CDnet2014,turbulence0,166,3682,3
CDnet2014,turbulence0,167,3688,2
CDnet2014,turbulence0,168,3702,1
CDnet2014,turbulence0,169,3704,1
CDnet2014,turbulence0,170,3713,1
CDnet2014,turbulence0,171,3717,3
CDnet2014,turbulence0,172,3721,2
CDnet2014,turbulence0,173,3728,2
CDnet2014,turbulence0,174,3739,1
CDnet2014,turbulence0,175,3742,1
CDnet2014,turbulence0,176,3749,1
CDnet2014,turbulence0,177,3751,1
CDnet2014,turbulence0,178,3753,2
CDnet2014,turbulence0,179,3756,1
CDnet2014,turbulence0,180,3758,1
CDnet2014,turbulence0,181,3761,1
CDnet2014,turbulence0,182,3764,4
CDnet2014,turbulence0,183,3769,1
CDnet2014,turbulence0,184,3777,1
CDnet2014,turbulence0,185,3780,2
CDnet2014,turbulence0,186,3785,1
CDnet2014,turbulence0,187,3789,1
CDnet2014,turbulence0,188,3792,2
CDnet2014,turbulence0,189,3795,1
CDnet2014,turbulence0,190,3804,1
CDnet2014,turbulence0,191,3806,1
CDnet2014,turbulence0,192,3814,1
CDnet2014,turbulence0,193,3817,1
CDnet2014,turbulence0,194,3827,2
CDnet2014,turbulence0,195,3831,1
CDnet2014,turbulence0,196,3834,1
CDnet2014,turbulence0,197,3845,1
CDnet2014,turbulence0,198,3943,1
CDnet2014,turbulence0,199,4212,1
CDnet2014,turbulence0,200,4690,1
CDnet2014,turbulence0,201,4693,1
CDnet2014,turbulence0,202,4696,1
CDnet2014,turbulence0,203,4698,1
CDnet2014,turbulence0,204,4700,10
CDnet2014,turbulence0,205,4719,1
CDnet2014,turbulence0,206,4721,2
CDnet2014,turbulence0,207,4726,1
CDnet2014,turbulence0,208,4728,5
CDnet2014,turbulence0,209,4734,1
CDnet2014,turbulence0,210,4739,1
CDnet2014,turbulence0,211,4743,3
CDnet2014,turbulence0,212,4747,3
CDnet2014,turbulence0,213,4751,1
CDnet2014,turbulence0,214,4754,1
CDnet2014,turbulence0,215,4756,2
CDnet2014,turbulence0,216,4759,2
CDnet2014,turbulence0,217,4762,1
CDnet2014,turbulence0,218,4764,4
CDnet2014,turbulence0,219,4769,1
CDnet2014,turbulence0,220,4771,53
CDnet2014,turbulence0,221,4825,13
CDnet2014,turbulence0,222,4841,4
CDnet2014,turbulence0,223,4848,2
CDnet2014,turbulence0,224,4851,2
CDnet2014,turbulence0,225,4855,2
CDnet2014,turbulence0,226,4860,1
CDnet2014,turbulence0,227,4862,1
CDnet2014,turbulence0,228,4864,1
CDnet2014,turbulence0,229,4867,11
CDnet2014,turbulence0,230,4879,1
CDnet2014,turbulence0,231,4883,1
CDnet2014,turbulence0,232,4885,2
CDnet2014,turbulence0,233,4888,1
CDnet2014,turbulence0,234,4894,2
CDnet2014,turbulence0,235,4897,1
CDnet2014,turbulence0,236,4899,2
CDnet2014,turbulence0,237,4902,4
CDnet2014,turbulence0,238,4908,1
CDnet2014,turbulence0,239,4910,1
CDnet2014,turbulence0,240,4917,1
CDnet2014,turbulence1,0,1235,1
CDnet2014,turbulence1,1,1240,1
CDnet2014,turbulence1,2,1306,1
CDnet2014,turbulence1,3,1329,2
CDnet2014,turbulence1,4,1351,1
CDnet2014,turbulence1,5,1544,1
CDnet2014,turbulence1,6,1601,4
CDnet2014,turbulence1,7,1606,1
CDnet2014,turbulence1,8,1609,1
CDnet2014,turbulence1,9,1613,1
CDnet2014,turbulence1,10,1619,1
CDnet2014,turbulence1,11,1622,1
CDnet2014,turbulence1,12,1628,1
CDnet2014,turbulence1,13,1632,1
CDnet2014,turbulence1,14,1660,2
CDnet2014,turbulence1,15,1665,1
CDnet2014,turbulence1,16,1667,1
CDnet2014,turbulence1,17,1670,1
CDnet2014,turbulence1,18,1672,2
CDnet2014,turbulence1,19,1678,1
CDnet2014,turbulence1,20,1689,2
CDnet2014,turbulence1,21,1698,3
CDnet2014,turbulence1,22,1704,1
CDnet2014,turbulence1,23,1712,1
CDnet2014,turbulence1,24,1722,1
CDnet2014,turbulence1,25,1734,2
CDnet2014,turbulence1,26,1740,1
CDnet2014,turbulence1,27,1744,1
CDnet2014,turbulence1,28,1746,2
CDnet2014,turbulence1,29,1750,4
CDnet2014,turbulence1,30,1761,1
CDnet2014,turbulence1,31,1763,1
CDnet2014,turbulence1,32,1766,1
CDnet2014,turbulence1,33,1770,1
CDnet2014,turbulence1,34,1774,3
CDnet2014,turbulence1,35,1782,1
CDnet2014,turbulence1,36,1788,3
CDnet2014,turbulence1,37,1794,1
CDnet2014,turbulence1,38,1796,1
CDnet2014,turbulence1,39,1808,1
CDnet2014,turbulence1,40,1830,1
CDnet2014,turbulence1,41,1839,1
CDnet2014,turbulence1,42,1846,1
CDnet2014,turbulence1,43,1863,1
CDnet2014,turbulence1,44,1866,1
CDnet2014,turbulence1,45,1875,1
CDnet2014,turbulence1,46,1916,1
CDnet2014,turbulence1,47,1935,1
CDnet2014,turbulence1,48,1938,1
CDnet2014,turbulence1,49,1980,1
CDnet2014,turbulence1,50,2037,1
CDnet2014,turbulence1,51,2143,1
CDnet2014,turbulence1,52,2149,1
CDnet2014,turbulence1,53,2154,1
CDnet2014,turbulence1,54,2160,2
CDnet2014,turbulence1,55,2164,2
CDnet2014,turbulence1,56,2168,1
CDnet2014,turbulence1,57,2171,1
CDnet2014,turbulence1,58,2173,1
CDnet2014,turbulence1,59,2180,1
CDnet2014,turbulence1,60,2183,1
CDnet2014,turbulence1,61,2229,1
CDnet2014,turbulence1,62,2239,1
CDnet2014,turbulence1,63,2247,2
CDnet2014,turbulence1,64,2256,1
CDnet2014,turbulence1,65,2261,1
CDnet2014,turbulence1,66,2270,1
CDnet2014,turbulence1,67,2284,1
CDnet2014,turbulence1,68,2288,1
CDnet2014,turbulence1,69,2290,1
CDnet2014,turbulence1,70,2293,1
CDnet2014,turbulence1,71,2295,1
CDnet2014,turbulence1,72,2315,1
CDnet2014,turbulence1,73,2338,1
CDnet2014,turbulence1,74,2341,2
CDnet2014,turbulence1,75,2346,1
CDnet2014,turbulence1,76,2354,1
CDnet2014,turbulence1,77,2357,2
CDnet2014,turbulence1,78,2361,4
CDnet2014,turbulence1,79,2368,1
CDnet2014,turbulence1,80,2370,1
CDnet2014,turbulence1,81,2375,2
CDnet2014,turbulence1,82,2379,3
CDnet2014,turbulence1,83,2385,1
CDnet2014,turbulence1,84,2387,1
CDnet2014,turbulence1,85,2395,1
CDnet2014,turbulence1,86,2398,1
CDnet2014,turbulence1,87,2402,1
CDnet2014,turbulence1,88,2418,1
CDnet2014,turbulence1,89,2423,1
CDnet2014,turbulence1,90,2427,1
CDnet2014,turbulence1,91,2431,2
CDnet2014,turbulence1,92,2441,2
CDnet2014,turbulence1,93,2445,1
CDnet2014,turbulence1,94,2449,1
CDnet2014,turbulence1,95,2453,2
CDnet2014,turbulence1,96,2574,1
CDnet2014,turbulence1,97,2866,1
CDnet2014,turbulence1,98,2870,1
CDnet2014,turbulence1,99,3041,1
CDnet2014,turbulence1,100,3067,1
CDnet2014,turbulence1,101,3117,1
CDnet2014,turbulence1,102,3137,1
CDnet2014,turbulence1,103,3235,1
CDnet2014,turbulence1,104,3698,1
CDnet2014,turbulence1,105,3809,1
CDnet2014,turbulence1,106,3881,2
CDnet2014,turbulence2,0,896,1
CDnet2014,turbulence2,1,921,2
CDnet2014,turbulence2,2,994,1
CDnet2014,turbulence2,3,1039,1
CDnet2014,turbulence2,4,1113,1
CDnet2014,turbulence2,5,1168,1
CDnet2014,turbulence2,6,1171,1
CDnet2014,turbulence2,7,1190,1
CDnet2014,turbulence2,8,1253,1
CDnet2014,turbulence2,9,1325,1
CDnet2014,turbulence2,10,1393,1
CDnet2014,turbulence2,11,1428,1
CDnet2014,turbulence2,12,1455,2
CDnet2014,turbulence2,13,1694,1
CDnet2014,turbulence2,14,2067,1
CDnet2014,turbulence2,15,2119,1
CDnet2014,turbulence2,16,2601,1
CDnet2014,turbulence2,17,2626,1
CDnet2014,turbulence2,18,3090,1
CDnet2014,turbulence2,19,3184,1
CDnet2014,turbulence2,20,3227,1
CDnet2014,turbulence2,21,3418,1
CDnet2014,turbulence2,22,3625,1
CDnet2014,turbulence2,23,3654,1
CDnet2014,turbulence2,24,3674,1
CDnet2014,turbulence2,25,3676,7
CDnet2014,turbulence2,26,3742,1
CDnet2014,turbulence2,27,3805,1
CDnet2014,turbulence2,28,4331,1
CDnet2014,turbulence2,29,4405,1
CDnet2014,turbulence2,30,4414,1
CDnet2014,turbulence2,31,4477,2
CDnet2014,turbulence3,0,920,1
CDnet2014,turbulence3,1,926,1
CDnet2014,turbulence3,2,929,1
CDnet2014,turbulence3,3,931,1
CDnet2014,turbulence3,4,934,5
CDnet2014,turbulence3,5,949,2
CDnet2014,turbulence3,6,971,1
CDnet2014,turbulence3,7,974,2
CDnet2014,turbulence3,8,993,2
CDnet2014,turbulence3,9,997,2
CDnet2014,turbulence3,10,1005,1
CDnet2014,turbulence3,11,1108,1
CDnet2014,turbulence3,12,1133,1
CDnet2014,turbulence3,13,1136,2
CDnet2014,turbulence3,14,1141,1
CDnet2014,turbulence3,15,1143,3
CDnet2014,turbulence3,16,1147,1
CDnet2014,turbulence3,17,1149,2
CDnet2014,turbulence3,18,1152,1
CDnet2014,turbulence3,19,1154,1
CDnet2014,turbulence3,20,1156,7
CDnet2014,turbulence3,21,1164,5
CDnet2014,turbulence3,22,1170,2
CDnet2014,turbulence3,23,1173,2
CDnet2014,turbulence3,24,1176,2
CDnet2014,turbulence3,25,1200,2
CDnet2014,turbulence3,26,1250,1
CDnet2014,turbulence3,27,1256,1
CDnet2014,turbulence3,28,1258,1
CDnet2014,turbulence3,29,1260,2
CDnet2014,turbulence3,30,1263,1
CDnet2014,turbulence3,31,1267,1
CDnet2014,turbulence3,32,1287,1
CDnet2014,turbulence3,33,1290,1
CDnet2014,turbulence3,34,1292,2
CDnet2014,turbulence3,35,1332,1
CDnet2014,turbulence3,36,1340,1
CDnet2014,turbulence3,37,1343,36
CDnet2014,turbulence3,38,1380,4
CDnet2014,turbulence3,39,1387,1
CDnet2014,turbulence3,40,1390,1
CDnet2014,turbulence3,41,1471,1
CDnet2014,turbulence3,42,1549,1
CDnet2014,turbulence3,43,1572,1
CDnet2014,turbulence3,44,1593,2
CDnet2014,turbulence3,45,1610,1
CDnet2014,turbulence3,46,1626,1
CDnet2014,turbulence3,47,1628,1
CDnet2014,turbulence3,48,1844,1
CDnet2014,turbulence3,49,1965,1
CDnet2014,turbulence3,50,1972,1
CDnet2014,turbulence3,51,1983,1
CDnet2014,turbulence3,52,1988,1
CDnet2014,turbulence3,53,1997,2
CDnet2014,turbulence3,54,2068,1
CDnet2014,turbulence3,55,2077,1
CDnet2014,turbulence3,56,2130,4
CDnet2014,turbulence3,57,2137,4
CDnet2014,turbulence3,58,2142,3
CDnet2014,turbulence3,59,2146,2
CDnet2014,turbulence3,60,2150,3
CDnet2014,turbulence3,61,2154,4
CDnet2014,turbulence3,62,2161,1
CDnet2014,turbulence3,63,2170,1
CDnet2014,turbulence3,64,2197,1
CDnet2014,turbulence3,65,2199,2
LASIESTA,I_BS_01,0,1,174
LASIESTA,I_BS_02,0,1,90
LASIESTA,I_BS_02,1,92,68
LASIESTA,I_BS_02,2,161,1
LASIESTA,I_CA_01,0,1,350
LASIESTA,I_CA_02,0,1,525
LASIESTA,I_IL_01,0,99,95
LASIESTA,I_IL_01,1,204,1
LASIESTA,I_IL_01,2,212,5
LASIESTA,I_IL_01,3,219,2
LASIESTA,I_IL_01,4,223,2
LASIESTA,I_IL_01,5,226,1
LASIESTA,I_IL_01,6,233,2
LASIESTA,I_IL_01,7,236,1
LASIESTA,I_IL_01,8,238,2
LASIESTA,I_IL_01,9,241,1
LASIESTA,I_IL_01,10,250,1
LASIESTA,I_IL_01,11,253,1
LASIESTA,I_IL_01,12,263,1
LASIESTA,I_IL_01,13,266,1
LASIESTA,I_IL_01,14,269,4
LASIESTA,I_IL_01,15,274,4
LASIESTA,I_IL_01,16,279,2
LASIESTA,I_IL_01,17,284,2
LASIESTA,I_IL_01,18,293,1
LASIESTA,I_IL_01,19,297,4
LASIESTA,I_IL_02,0,1,525
LASIESTA,I_MB_01,0,1,450
LASIESTA,I_MB_02,0,1,302
LASIESTA,I_MC_01,0,3,1
LASIESTA,I_MC_01,1,110,1
LASIESTA,I_MC_01,2,112,1
LASIESTA,I_MC_01,3,143,124
LASIESTA,I_MC_01,4,283,1
LASIESTA,I_MC_02,0,1,250
LASIESTA,I_OC_01,0,94,73
LASIESTA,I_OC_01,1,193,36
LASIESTA,I_OC_01,2,230,1
LASIESTA,I_OC_02,0,88,49
LASIESTA,I_OC_02,1,161,89
LASIESTA,I_SI_01,0,1,151
LASIESTA,I_SI_01,1,154,144
LASIESTA,I_SI_01,2,299,2
LASIESTA,I_SI_02,0,81,198
LASIESTA,I_SM_01,0,53,67
LASIESTA,I_SM_01,1,144,54
LASIESTA,I_SM_01,2,201,1
LASIESTA,I_SM_01,3,244,57
LASIESTA,I_SM_02,0,53,75
LASIESTA,I_SM_02,1,137,1
LASIESTA,I_SM_02,2,148,153
LASIESTA,I_SM_03,0,53,81
LASIESTA,I_SM_03,1,147,1
LASIESTA,I_SM_03,2,151,150
LASIESTA,I_SM_04,0,1,9
LASIESTA,I_SM_04,1,11,12
LASIESTA,I_SM_04,2,24,12
LASIESTA,I_SM_04,3,37,2
LASIESTA,I_SM_04,4,40,25
LASIESTA,I_SM_04,5,66,64
LASIESTA,I_SM_04,6,131,1
LASIESTA,I_SM_04,7,134,2
LASIESTA,I_SM_04,8,137,2
LASIESTA,I_SM_04,9,141,8
LASIESTA,I_SM_04,10,150,1
LASIESTA,I_SM_04,11,152,62
LASIESTA,I_SM_04,12,215,1
LASIESTA,I_SM_04,13,218,3
LASIESTA,I_SM_04,14,222,4
LASIESTA,I_SM_04,15,227,3
LASIESTA,I_SM_04,16,231,67
LASIESTA,I_SM_04,17,299,2
LASIESTA,I_SM_05,0,1,7
LASIESTA,I_SM_05,1,11,3
LASIESTA,I_SM_05,2,16,1
LASIESTA,I_SM_05,3,18,8
LASIESTA,I_SM_05,4,29,6
LASIESTA,I_SM_05,5,36,2
LASIESTA,I_SM_05,6,39,1
LASIESTA,I_SM_05,7,41,1
LASIESTA,I_SM_05,8,45,6
LASIESTA,I_SM_05,9,52,1
LASIESTA,I_SM_05,10,55,3
LASIESTA,I_SM_05,11,60,10
LASIESTA,I_SM_05,12,72,57
LASIESTA,I_SM_05,13,131,1
LASIESTA,I_SM_05,14,135,2
LASIESTA,I_SM_05,15,141,1
LASIESTA,I_SM_05,16,144,1
LASIESTA,I_SM_05,17,146,1
LASIESTA,I_SM_05,18,148,2
LASIESTA,I_SM_05,19,152,53
LASIESTA,I_SM_05,20,207,3
LASIESTA,I_SM_05,21,211,2
LASIESTA,I_SM_05,22,215,1
LASIESTA,I_SM_05,23,217,2
LASIESTA,I_SM_05,24,220,1
LASIESTA,I_SM_05,25,222,2
LASIESTA,I_SM_05,26,225,3
LASIESTA,I_SM_05,27,229,1
LASIESTA,I_SM_05,28,233,2
LASIESTA,I_SM_05,29,237,2
LASIESTA,I_SM_05,30,241,1
LASIESTA,I_SM_05,31,244,55
LASIESTA,I_SM_05,32,300,1
LASIESTA,I_SM_06,0,4,2
LASIESTA,I_SM_06,1,7,2
LASIESTA,I_SM_06,2,15,3
LASIESTA,I_SM_06,3,19,4
LASIESTA,I_SM_06,4,25,1
LASIESTA,I_SM_06,5,27,3
LASIESTA,I_SM_06,6,36,4
LASIESTA,I_SM_06,7,41,1
LASIESTA,I_SM_06,8,45,1
LASIESTA,I_SM_06,9,47,4
LASIESTA,I_SM_06,10,52,1
LASIESTA,I_SM_06,11,54,1
LASIESTA,I_SM_06,12,60,1
LASIESTA,I_SM_06,13,63,4
LASIESTA,I_SM_06,14,69,60
LASIESTA,I_SM_06,15,134,1
LASIESTA,I_SM_06,16,136,1
LASIESTA,I_SM_06,17,142,1
LASIESTA,I_SM_06,18,144,6
LASIESTA,I_SM_06,19,152,53
LASIESTA,I_SM_06,20,206,1
LASIESTA,I_SM_06,21,208,2
LASIESTA,I_SM_06,22,211,1
LASIESTA,I_SM_06,23,214,1
LASIESTA,I_SM_06,24,220,2
LASIESTA,I_SM_06,25,223,1
LASIESTA,I_SM_06,26,229,1
LASIESTA,I_SM_06,27,234,3
LASIESTA,I_SM_06,28,238,2
LASIESTA,I_SM_06,29,244,2
LASIESTA,I_SM_06,30,247,51
LASIESTA,I_SM_06,31,299,2
LASIESTA,I_SM_07,0,2,10
LASIESTA,I_SM_07,1,14,1
LASIESTA,I_SM_07,2,16,1
LASIESTA,I_SM_07,3,18,2
LASIESTA,I_SM_07,4,22,2
LASIESTA,I_SM_07,5,27,1
LASIESTA,I_SM_07,6,31,1
LASIESTA,I_SM_07,7,37,5
LASIESTA,I_SM_07,8,44,3
LASIESTA,I_SM_07,9,48,3
LASIESTA,I_SM_07,10,57,3
LASIESTA,I_SM_07,11,61,1
LASIESTA,I_SM_07,12,65,1
LASIESTA,I_SM_07,13,67,2
LASIESTA,I_SM_07,14,70,3
LASIESTA,I_SM_07,15,74,56
LASIESTA,I_SM_07,16,132,5
LASIESTA,I_SM_07,17,140,1
LASIESTA,I_SM_07,18,142,1
LASIESTA,I_SM_07,19,144,4
LASIESTA,I_SM_07,20,149,57
LASIESTA,I_SM_07,21,208,1
LASIESTA,I_SM_07,22,211,5
LASIESTA,I_SM_07,23,217,2
LASIESTA,I_SM_07,24,222,1
LASIESTA,I_SM_07,25,224,1
LASIESTA,I_SM_07,26,226,2
LASIESTA,I_SM_07,27,229,1
LASIESTA,I_SM_07,28,231,2
LASIESTA,I_SM_07,29,235,2
LASIESTA,I_SM_07,30,242,56
LASIESTA,I_SM_07,31,299,2
LASIESTA,I_SM_08,0,2,1
LASIESTA,I_SM_08,1,7,4
LASIESTA,I_SM_08,2,15,1
LASIESTA,I_SM_08,3,17,1
LASIESTA,I_SM_08,4,19,5
LASIESTA,I_SM_08,5,25,3
LASIESTA,I_SM_08,6,29,1
LASIESTA,I_SM_08,7,34,1
LASIESTA,I_SM_08,8,41,1
LASIESTA,I_SM_08,9,43,1
LASIESTA,I_SM_08,10,45,1
LASIESTA,I_SM_08,11,52,1
LASIESTA,I_SM_08,12,55,2
LASIESTA,I_SM_08,13,64,6
LASIESTA,I_SM_08,14,75,54
LASIESTA,I_SM_08,15,131,2
LASIESTA,I_SM_08,16,138,1
LASIESTA,I_SM_08,17,142,1
LASIESTA,I_SM_08,18,152,51
LASIESTA,I_SM_08,19,207,2
LASIESTA,I_SM_08,20,210,3
LASIESTA,I_SM_08,21,214,3
LASIESTA,I_SM_08,22,221,1
LASIESTA,I_SM_08,23,224,1
LASIESTA,I_SM_08,24,227,1
LASIESTA,I_SM_08,25,229,2
LASIESTA,I_SM_08,26,233,2
LASIESTA,I_SM_08,27,236,1
LASIESTA,I_SM_08,28,240,1
LASIESTA,I_SM_08,29,242,1
LASIESTA,I_SM_08,30,246,53
LASIESTA,I_SM_09,0,1,3
LASIESTA,I_SM_09,1,6,2
LASIESTA,I_SM_09,2,10,1
LASIESTA,I_SM_09,3,13,3
LASIESTA,I_SM_09,4,18,2
LASIESTA,I_SM_09,5,30,1
LASIESTA,I_SM_09,6,32,1
LASIESTA,I_SM_09,7,34,3
LASIESTA,I_SM_09,8,38,1
LASIESTA,I_SM_09,9,41,1
LASIESTA,I_SM_09,10,43,1
LASIESTA,I_SM_09,11,48,1
LASIESTA,I_SM_09,12,52,2
LASIESTA,I_SM_09,13,55,2
LASIESTA,I_SM_09,14,61,1
LASIESTA,I_SM_09,15,63,1
LASIESTA,I_SM_09,16,67,1
LASIESTA,I_SM_09,17,70,3
LASIESTA,I_SM_09,18,74,54
LASIESTA,I_SM_09,19,134,2
LASIESTA,I_SM_09,20,140,1
LASIESTA,I_SM_09,21,143,2
LASIESTA,I_SM_09,22,147,1
LASIESTA,I_SM_09,23,152,54
LASIESTA,I_SM_09,24,207,1
LASIESTA,I_SM_09,25,209,1
LASIESTA,I_SM_09,26,211,1
LASIESTA,I_SM_09,27,213,1
LASIESTA,I_SM_09,28,215,1
LASIESTA,I_SM_09,29,217,3
LASIESTA,I_SM_09,30,223,1
LASIESTA,I_SM_09,31,232,2
LASIESTA,I_SM_09,32,237,2
LASIESTA,I_SM_09,33,241,1
LASIESTA,I_SM_09,34,244,56
LASIESTA,I_SM_10,0,3,2
LASIESTA,I_SM_10,1,6,1
LASIESTA,I_SM_10,2,8,2
LASIESTA,I_SM_10,3,12,5
LASIESTA,I_SM_10,4,20,2
LASIESTA,I_SM_10,5,23,3
LASIESTA,I_SM_10,6,34,1
LASIESTA,I_SM_10,7,36,2
LASIESTA,I_SM_10,8,42,2
LASIESTA,I_SM_10,9,46,1
LASIESTA,I_SM_10,10,50,1
LASIESTA,I_SM_10,11,52,2
LASIESTA,I_SM_10,12,55,1
LASIESTA,I_SM_10,13,58,1
LASIESTA,I_SM_10,14,61,1
LASIESTA,I_SM_10,15,63,1
LASIESTA,I_SM_10,16,65,1
LASIESTA,I_SM_10,17,67,2
LASIESTA,I_SM_10,18,70,2
LASIESTA,I_SM_10,19,73,55
LASIESTA,I_SM_10,20,130,1
LASIESTA,I_SM_10,21,135,1
LASIESTA,I_SM_10,22,137,2
LASIESTA,I_SM_10,23,141,3
LASIESTA,I_SM_10,24,146,3
LASIESTA,I_SM_10,25,152,50
LASIESTA,I_SM_10,26,203,2
LASIESTA,I_SM_10,27,208,3
LASIESTA,I_SM_10,28,212,2
LASIESTA,I_SM_10,29,215,2
LASIESTA,I_SM_10,30,219,2
LASIESTA,I_SM_10,31,222,1
LASIESTA,I_SM_10,32,227,1
LASIESTA,I_SM_10,33,229,1
LASIESTA,I_SM_10,34,231,1
LASIESTA,I_SM_10,35,235,1
LASIESTA,I_SM_10,36,238,4
LASIESTA,I_SM_10,37,243,55
LASIESTA,I_SM_11,0,2,2
LASIESTA,I_SM_11,1,8,1
LASIESTA,I_SM_11,2,10,1
LASIESTA,I_SM_11,3,14,1
LASIESTA,I_SM_11,4,20,1
LASIESTA,I_SM_11,5,23,1
LASIESTA,I_SM_11,6,26,1
LASIESTA,I_SM_11,7,28,1
LASIESTA,I_SM_11,8,34,1
LASIESTA,I_SM_11,9,37,2
LASIESTA,I_SM_11,10,45,3
LASIESTA,I_SM_11,11,49,1
LASIESTA,I_SM_11,12,51,2
LASIESTA,I_SM_11,13,58,1
LASIESTA,I_SM_11,14,60,1
LASIESTA,I_SM_11,15,66,3
LASIESTA,I_SM_11,16,70,3
LASIESTA,I_SM_11,17,75,54
LASIESTA,I_SM_11,18,135,1
LASIESTA,I_SM_11,19,139,2
LASIESTA,I_SM_11,20,142,1
LASIESTA,I_SM_11,21,144,2
LASIESTA,I_SM_11,22,147,2
LASIESTA,I_SM_11,23,152,52
LASIESTA,I_SM_11,24,208,4
LASIESTA,I_SM_11,25,213,2
LASIESTA,I_SM_11,26,217,1
LASIESTA,I_SM_11,27,219,1
LASIESTA,I_SM_11,28,224,1
LASIESTA,I_SM_11,29,227,1
LASIESTA,I_SM_11,30,229,3
LASIESTA,I_SM_11,31,240,1
LASIESTA,I_SM_11,32,244,54
LASIESTA,I_SM_11,33,299,2
LASIESTA,I_SM_12,0,4,1
LASIESTA,I_SM_12,1,6,1
LASIESTA,I_SM_12,2,13,4
LASIESTA,I_SM_12,3,18,3
LASIESTA,I_SM_12,4,23,3
LASIESTA,I_SM_12,5,30,1
LASIESTA,I_SM_12,6,34,1
LASIESTA,I_SM_12,7,38,1
LASIESTA,I_SM_12,8,40,1
LASIESTA,I_SM_12,9,42,2
LASIESTA,I_SM_12,10,48,1
LASIESTA,I_SM_12,11,50,2
LASIESTA,I_SM_12,12,53,1
LASIESTA,I_SM_12,13,55,1
LASIESTA,I_SM_12,14,61,3
LASIESTA,I_SM_12,15,65,1
LASIESTA,I_SM_12,16,71,1
LASIESTA,I_SM_12,17,75,54
LASIESTA,I_SM_12,18,130,1
LASIESTA,I_SM_12,19,137,5
LASIESTA,I_SM_12,20,143,1
LASIESTA,I_SM_12,21,145,2
LASIESTA,I_SM_12,22,148,1
LASIESTA,I_SM_12,23,151,52
LASIESTA,I_SM_12,24,204,1
LASIESTA,I_SM_12,25,206,1
LASIESTA,I_SM_12,26,208,2
LASIESTA,I_SM_12,27,211,3
LASIESTA,I_SM_12,28,216,1
LASIESTA,I_SM_12,29,226,1
LASIESTA,I_SM_12,30,228,1
LASIESTA,I_SM_12,31,235,7
LASIESTA,I_SM_12,32,245,53
LASIESTA,O_CL_01,0,1,225
LASIESTA,O_CL_02,0,96,75
LASIESTA,O_CL_02,1,173,210
LASIESTA,O_MC_01,0,1,425
LASIESTA,O_MC_02,0,1,175
LASIESTA,O_RA_01,0,1,1400
LASIESTA,O_RA_02,0,176,127
LASIESTA,O_SM_01,0,10,1
LASIESTA,O_SM_01,1,17,1
LASIESTA,O_SM_01,2,21,8
LASIESTA,O_SM_01,3,31,1
LASIESTA,O_SM_01,4,44,1
LASIESTA,O_SM_01,5,46,3
LASIESTA,O_SM_01,6,53,1
LASIESTA,O_SM_01,7,62,2
LASIESTA,O_SM_01,8,74,311
LASIESTA,O_SM_02,0,10,1
LASIESTA,O_SM_02,1,17,1
LASIESTA,O_SM_02,2,21,8
LASIESTA,O_SM_02,3,31,1
LASIESTA,O_SM_02,4,44,1
LASIESTA,O_SM_02,5,46,3
LASIESTA,O_SM_02,6,53,1
LASIESTA,O_SM_02,7,62,2
LASIESTA,O_SM_02,8,74,311
LASIESTA,O_SM_03,0,10,1
LASIESTA,O_SM_03,1,17,1
LASIESTA,O_SM_03,2,21,8
LASIESTA,O_SM_03,3,31,1
LASIESTA,O_SM_03,4,44,1
LASIESTA,O_SM_03,5,46,3
LASIESTA,O_SM_03,6,53,1
LASIESTA,O_SM_03,7,62,2
LASIESTA,O_SM_03,8,74,311
LASIESTA,O_SM_04,0,110,273
LASIESTA,O_SM_05,0,111,273
LASIESTA,O_SM_06,0,110,274
LASIESTA,O_SM_07,0,111,251
LASIESTA,O_SM_07,1,363,19
LASIESTA,O_SM_08,0,110,251
LASIESTA,O_SM_08,1,363,20
LASIESTA,O_SM_09,0,110,252
LASIESTA,O_SM_09,1,363,20
LASIESTA,O_SM_10,0,110,274
LASIESTA,O_SM_11,0,109,1
LASIESTA,O_SM_11,1,111,250
LASIESTA,O_SM_11,2,362,22
LASIESTA,O_SM_12,0,109,273
LASIESTA,O_SM_12,1,383,1
LASIESTA,O_SN_01,0,1,500
LASIESTA,O_SN_02,0,1,850
LASIESTA,O_SU_01,0,1,250
LASIESTA,O_SU_02,0,1,400
