dataset,video,level,event_id,onset_frame,duration,n_fg,n_hit,n_hit_any,n_det_missing,L_area_max,cls,cls_group,pGs_K1,pGsA_K1,pGs_K2,pGsA_K2,pGs_K3,pGsA_K3,pGs_K4,pGsA_K4,pGs_K6,pGsA_K6,pGs_K8,pGsA_K8,pGs_K12,pGsA_K12,pGs_K16,pGsA_K16,instance
BMC,synth1/111,frame,0,271,1229,1229,1061,1120.0,0.0,9209.0,2,vehicle,0.0,0.0,0.0,0.0,0.0,0.0,0.0,0.0,0.0,0.0,0.0,0.0,0.0,0.0,0.0,0.0,
BMC,synth1/112,frame,0,1,215,215,184,184.0,0.0,8889.0,2,vehicle,0.0,0.0,0.0,0.0,0.0,0.0,0.0,0.0,0.0,0.0,0.0,0.0,0.0,0.0,0.0,0.0,
BMC,synth1/112,frame,1,285,304,304,286,291.0,0.0,8600.0,2,vehicle,0.0,0.0,0.0,0.0,0.0,0.0,0.0,0.0,0.0,0.0,0.0,0.0,0.0,0.0,0.0,0.0,
BMC,synth1/112,frame,2,592,911,910,709,737.0,0.0,8763.0,2,vehicle,0.0,0.0,0.0,0.0,0.0,0.0,0.0,0.0,0.0,0.0,0.0,0.0,0.0,0.0,0.0,0.0,
BMC,synth1/121,frame,0,253,1247,1247,1174,1192.0,0.0,12586.0,2,vehicle,0.0,0.0,0.0,0.0,0.0,0.0,0.0,0.0,0.0,0.0,0.0,0.0,0.0,0.0,0.0,0.0,
BMC,synth1/122,frame,0,1,1503,1503,1455,1494.0,0.0,11728.0,2,vehicle,0.0,0.0,0.0,0.0,0.0,0.0,0.0,0.0,0.0,0.0,0.0,0.0,0.0,0.0,0.0,0.0,
BMC,synth1/211,frame,0,271,1229,1229,1036,1094.0,0.0,9209.0,2,vehicle,0.0,0.0,0.0,0.0,0.0,0.0,0.0,0.0,0.0,0.0,0.0,0.0,0.0,0.0,0.0,0.0,
BMC,synth1/212,frame,0,1,215,215,184,184.0,0.0,8915.0,2,vehicle,0.0,0.0,0.0,0.0,0.0,0.0,0.0,0.0,0.0,0.0,0.0,0.0,0.0,0.0,0.0,0.0,
BMC,synth1/212,frame,1,284,304,304,282,286.0,0.0,8532.0,2,vehicle,0.0,0.0,0.0,0.0,0.0,0.0,0.0,0.0,0.0,0.0,0.0,0.0,0.0,0.0,0.0,0.0,
BMC,synth1/212,frame,2,590,910,909,675,711.0,0.0,8693.0,2,vehicle,0.0,0.0,0.0,0.0,0.0,0.0,0.0,0.0,0.0,0.0,0.0,0.0,0.0,0.0,0.0,0.0,
BMC,synth1/221,frame,0,253,1247,1247,1185,1203.0,0.0,12586.0,2,vehicle,0.0,0.0,0.0,0.0,0.0,0.0,0.0,0.0,0.0,0.0,0.0,0.0,0.0,0.0,0.0,0.0,
BMC,synth1/222,frame,0,1,1499,1499,1432,1490.0,0.0,11804.0,2,vehicle,0.0,0.0,0.0,0.0,0.0,0.0,0.0,0.0,0.0,0.0,0.0,0.0,0.0,0.0,0.0,0.0,
BMC,synth1/311,frame,0,271,1229,1229,960,1007.0,0.0,9209.0,2,vehicle,0.0,0.0,0.0,0.0,0.0,0.0,0.0,0.0,0.0,0.0,0.0,0.0,0.0,0.0,0.0,0.0,
BMC,synth1/312,frame,0,1,215,215,146,146.0,0.0,8915.0,2,vehicle,0.0,0.0,0.0,0.0,0.0,0.0,0.0,0.0,0.0,0.0,0.0,0.0,0.0,0.0,0.0,0.0,
BMC,synth1/312,frame,1,284,304,304,271,276.0,0.0,8532.0,2,vehicle,0.0,0.0,0.0,0.0,0.0,0.0,0.0,0.0,0.0,0.0,0.0,0.0,0.0,0.0,0.0,0.0,
BMC,synth1/312,frame,2,590,910,909,628,642.0,0.0,8693.0,2,vehicle,0.0,0.0,0.0,0.0,0.0,0.0,0.0,0.0,0.0,0.0,0.0,0.0,0.0,0.0,0.0,0.0,
BMC,synth2/321,frame,0,253,1247,1247,1054,1138.0,0.0,12586.0,2,vehicle,0.0,0.0,0.0,0.0,0.0,0.0,0.0,0.0,0.0,0.0,0.0,0.0,0.0,0.0,0.0,0.0,
BMC,synth2/322,frame,0,1,1501,1501,1272,1376.0,0.0,11775.0,2,vehicle,0.0,0.0,0.0,0.0,0.0,0.0,0.0,0.0,0.0,0.0,0.0,0.0,0.0,0.0,0.0,0.0,
BMC,synth2/411,frame,0,271,1229,1229,644,736.0,0.0,9209.0,2,vehicle,0.0,0.0,0.0,0.0,0.0,0.0,0.0,0.0,0.0,0.0,0.0,0.0,0.0,0.0,0.0,0.0,
BMC,synth2/412,frame,0,1,215,215,178,178.0,0.0,8915.0,2,vehicle,0.0,0.0,0.0,0.0,0.0,0.0,0.0,0.0,0.0,0.0,0.0,0.0,0.0,0.0,0.0,0.0,
BMC,synth2/412,frame,1,284,304,304,279,284.0,0.0,8532.0,2,vehicle,0.0,0.0,0.0,0.0,0.0,0.0,0.0,0.0,0.0,0.0,0.0,0.0,0.0,0.0,0.0,0.0,
BMC,synth2/412,frame,2,590,910,909,562,596.0,0.0,8693.0,2,vehicle,0.0,0.0,0.0,0.0,0.0,0.0,0.0,0.0,0.0,0.0,0.0,0.0,0.0,0.0,0.0,0.0,
BMC,synth2/421,frame,0,253,1247,1247,861,902.0,0.0,12586.0,2,vehicle,0.0,0.0,0.0,0.0,0.0,0.0,0.0,0.0,0.0,0.0,0.0,0.0,0.0,0.0,0.0,0.0,
BMC,synth2/422,frame,0,1,1499,1499,1320,1377.0,0.0,11804.0,2,vehicle,0.0,0.0,0.0,0.0,0.0,0.0,0.0,0.0,0.0,0.0,0.0,0.0,0.0,0.0,0.0,0.0,
BMC,synth2/511,frame,0,271,880,880,732,770.0,0.0,9209.0,2,vehicle,0.0,0.0,0.0,0.0,0.0,0.0,0.0,0.0,0.0,0.0,0.0,0.0,0.0,0.0,0.0,0.0,
BMC,synth2/511,frame,1,1153,2,2,0,0.0,0.0,1.0,-1,unmatched,1.0,1.0,1.0,1.0,1.0,1.0,1.0,1.0,1.0,1.0,1.0,1.0,1.0,1.0,1.0,1.0,
BMC,synth2/511,frame,2,1161,339,339,296,318.0,0.0,7892.0,2,vehicle,0.0,0.0,0.0,0.0,0.0,0.0,0.0,0.0,0.0,0.0,0.0,0.0,0.0,0.0,0.0,0.0,
BMC,synth2/512,frame,0,1,215,215,184,184.0,0.0,8915.0,2,vehicle,0.0,0.0,0.0,0.0,0.0,0.0,0.0,0.0,0.0,0.0,0.0,0.0,0.0,0.0,0.0,0.0,
BMC,synth2/512,frame,1,284,1216,1215,942,984.0,0.0,8693.0,2,vehicle,0.0,0.0,0.0,0.0,0.0,0.0,0.0,0.0,0.0,0.0,0.0,0.0,0.0,0.0,0.0,0.0,
BMC,synth2/521,frame,0,255,1247,1247,1169,1199.0,0.0,12563.0,2,vehicle,0.0,0.0,0.0,0.0,0.0,0.0,0.0,0.0,0.0,0.0,0.0,0.0,0.0,0.0,0.0,0.0,
BMC,synth2/522,frame,0,1,1499,1499,1435,1485.0,0.0,11804.0,2,vehicle,0.0,0.0,0.0,0.0,0.0,0.0,0.0,0.0,0.0,0.0,0.0,0.0,0.0,0.0,0.0,0.0,
LASIESTA,I_BS_01,frame,0,1,183,183,174,174.0,0.0,4286.0,0,person,0.0,0.0,0.0,0.0,0.0,0.0,0.0,0.0,0.0,0.0,0.0,0.0,0.0,0.0,0.0,0.0,
LASIESTA,I_BS_02,frame,0,1,162,162,159,159.0,0.0,1356.0,0,person,0.0,0.0,0.0,0.0,0.0,0.0,0.0,0.0,0.0,0.0,0.0,0.0,0.0,0.0,0.0,0.0,
LASIESTA,I_CA_01,frame,0,83,256,256,250,250.0,0.0,9907.0,0,person,0.0,0.0,0.0,0.0,0.0,0.0,0.0,0.0,0.0,0.0,0.0,0.0,0.0,0.0,0.0,0.0,
LASIESTA,I_CA_02,frame,0,177,325,325,317,317.0,0.0,16690.0,0,person,0.0,0.0,0.0,0.0,0.0,0.0,0.0,0.0,0.0,0.0,0.0,0.0,0.0,0.0,0.0,0.0,
LASIESTA,I_IL_01,frame,0,97,102,102,95,95.0,0.0,8396.0,0,person,0.0,0.0,0.0,0.0,0.0,0.0,0.0,0.0,0.0,0.0,0.0,0.0,0.0,0.0,0.0,0.0,
LASIESTA,I_IL_02,frame,0,63,327,327,319,319.0,0.0,15027.0,0,person,0.0,0.0,0.0,0.0,0.0,0.0,0.0,0.0,0.0,0.0,0.0,0.0,0.0,0.0,0.0,0.0,
LASIESTA,I_MB_01,frame,0,95,356,356,351,351.0,0.0,18710.0,24,other,0.0,0.0,0.0,0.0,0.0,0.0,0.0,0.0,0.0,0.0,0.0,0.0,0.0,0.0,0.0,0.0,
LASIESTA,I_MB_02,frame,0,81,224,224,213,213.0,0.0,7839.0,0,person,0.0,0.0,0.0,0.0,0.0,0.0,0.0,0.0,0.0,0.0,0.0,0.0,0.0,0.0,0.0,0.0,
LASIESTA,I_MC_01,frame,0,141,128,128,124,124.0,0.0,4632.0,0,person,0.0,0.0,0.0,0.0,0.0,0.0,0.0,0.0,0.0,0.0,0.0,0.0,0.0,0.0,0.0,0.0,
LASIESTA,I_MC_02,frame,0,147,102,102,101,101.0,0.0,4238.0,0,person,0.0,0.0,0.0,0.0,0.0,0.0,0.0,0.0,0.0,0.0,0.0,0.0,0.0,0.0,0.0,0.0,
LASIESTA,I_OC_01,frame,0,89,82,82,73,73.0,0.0,1732.0,0,person,0.0,0.0,0.0,0.0,0.0,0.0,0.0,0.0,0.0,0.0,0.0,0.0,0.0,0.0,0.0,0.0,
LASIESTA,I_OC_01,frame,1,190,57,57,37,37.0,0.0,1610.0,0,person,0.0,0.0,0.0,0.0,0.0,0.0,0.0,0.0,0.0,0.0,0.0,0.0,0.0,0.0,0.0,0.0,
LASIESTA,I_OC_02,frame,0,85,53,53,49,49.0,0.0,15192.0,0,person,0.0,0.0,0.0,0.0,0.0,0.0,0.0,0.0,0.0,0.0,0.0,0.0,0.0,0.0,0.0,0.0,
LASIESTA,I_OC_02,frame,1,160,91,91,89,89.0,0.0,6198.0,0,person,0.0,0.0,0.0,0.0,0.0,0.0,0.0,0.0,0.0,0.0,0.0,0.0,0.0,0.0,0.0,0.0,
LASIESTA,I_SI_01,frame,0,76,64,64,63,63.0,0.0,10318.0,0,person,0.0,0.0,0.0,0.0,0.0,0.0,0.0,0.0,0.0,0.0,0.0,0.0,0.0,0.0,0.0,0.0,
LASIESTA,I_SI_01,frame,1,153,76,76,70,70.0,0.0,8704.0,0,person,0.0,0.0,0.0,0.0,0.0,0.0,0.0,0.0,0.0,0.0,0.0,0.0,0.0,0.0,0.0,0.0,
LASIESTA,I_SI_01,frame,2,232,69,69,66,66.0,0.0,7569.0,0,person,0.0,0.0,0.0,0.0,0.0,0.0,0.0,0.0,0.0,0.0,0.0,0.0,0.0,0.0,0.0,0.0,
LASIESTA,I_SI_02,frame,0,76,206,206,198,198.0,0.0,4965.0,0,person,0.0,0.0,0.0,0.0,0.0,0.0,0.0,0.0,0.0,0.0,0.0,0.0,0.0,0.0,0.0,0.0,
LASIESTA,I_SM_01,frame,0,51,70,70,67,67.0,0.0,15011.0,0,person,0.0,0.0,0.0,0.0,0.0,0.0,0.0,0.0,0.0,0.0,0.0,0.0,0.0,0.0,0.0,0.0,
LASIESTA,I_SM_01,frame,1,143,58,58,54,54.0,0.0,15725.0,0,person,0.0,0.0,0.0,0.0,0.0,0.0,0.0,0.0,0.0,0.0,0.0,0.0,0.0,0.0,0.0,0.0,
LASIESTA,I_SM_01,frame,2,242,59,59,57,57.0,0.0,13265.0,0,person,0.0,0.0,0.0,0.0,0.0,0.0,0.0,0.0,0.0,0.0,0.0,0.0,0.0,0.0,0.0,0.0,
LASIESTA,I_SM_02,frame,0,51,78,78,75,75.0,0.0,16863.0,0,person,0.0,0.0,0.0,0.0,0.0,0.0,0.0,0.0,0.0,0.0,0.0,0.0,0.0,0.0,0.0,0.0,
LASIESTA,I_SM_02,frame,1,146,155,155,153,153.0,0.0,15159.0,0,person,0.0,0.0,0.0,0.0,0.0,0.0,0.0,0.0,0.0,0.0,0.0,0.0,0.0,0.0,0.0,0.0,
LASIESTA,I_SM_03,frame,0,51,84,84,81,81.0,0.0,17902.0,0,person,0.0,0.0,0.0,0.0,0.0,0.0,0.0,0.0,0.0,0.0,0.0,0.0,0.0,0.0,0.0,0.0,
LASIESTA,I_SM_03,frame,1,150,151,151,150,150.0,0.0,14377.0,0,person,0.0,0.0,0.0,0.0,0.0,0.0,0.0,0.0,0.0,0.0,0.0,0.0,0.0,0.0,0.0,0.0,
LASIESTA,I_SM_04,frame,0,74,56,56,54,54.0,0.0,12659.0,0,person,0.0,0.0,0.0,0.0,0.0,0.0,0.0,0.0,0.0,0.0,0.0,0.0,0.0,0.0,0.0,0.0,
LASIESTA,I_SM_04,frame,1,150,61,61,53,53.0,0.0,11560.0,0,person,0.0,0.0,0.0,0.0,0.0,0.0,0.0,0.0,0.0,0.0,0.0,0.0,0.0,0.0,0.0,0.0,
LASIESTA,I_SM_04,frame,2,243,58,58,54,54.0,0.0,10121.0,0,person,0.0,0.0,0.0,0.0,0.0,0.0,0.0,0.0,0.0,0.0,0.0,0.0,0.0,0.0,0.0,0.0,
LASIESTA,I_SM_05,frame,0,74,56,56,54,54.0,0.0,12443.0,0,person,0.0,0.0,0.0,0.0,0.0,0.0,0.0,0.0,0.0,0.0,0.0,0.0,0.0,0.0,0.0,0.0,
LASIESTA,I_SM_05,frame,1,150,61,61,53,53.0,0.0,11511.0,0,person,0.0,0.0,0.0,0.0,0.0,0.0,0.0,0.0,0.0,0.0,0.0,0.0,0.0,0.0,0.0,0.0,
LASIESTA,I_SM_05,frame,2,243,58,58,55,55.0,0.0,10029.0,0,person,0.0,0.0,0.0,0.0,0.0,0.0,0.0,0.0,0.0,0.0,0.0,0.0,0.0,0.0,0.0,0.0,
LASIESTA,I_SM_06,frame,0,74,56,56,54,54.0,0.0,12495.0,0,person,0.0,0.0,0.0,0.0,0.0,0.0,0.0,0.0,0.0,0.0,0.0,0.0,0.0,0.0,0.0,0.0,
LASIESTA,I_SM_06,frame,1,150,61,61,52,52.0,0.0,11426.0,0,person,0.0,0.0,0.0,0.0,0.0,0.0,0.0,0.0,0.0,0.0,0.0,0.0,0.0,0.0,0.0,0.0,
LASIESTA,I_SM_06,frame,2,243,58,58,52,52.0,0.0,10005.0,0,person,0.0,0.0,0.0,0.0,0.0,0.0,0.0,0.0,0.0,0.0,0.0,0.0,0.0,0.0,0.0,0.0,
LASIESTA,I_SM_07,frame,0,74,56,56,54,54.0,0.0,12803.0,0,person,0.0,0.0,0.0,0.0,0.0,0.0,0.0,0.0,0.0,0.0,0.0,0.0,0.0,0.0,0.0,0.0,
LASIESTA,I_SM_07,frame,1,150,61,61,54,54.0,0.0,11573.0,0,person,0.0,0.0,0.0,0.0,0.0,0.0,0.0,0.0,0.0,0.0,0.0,0.0,0.0,0.0,0.0,0.0,
LASIESTA,I_SM_07,frame,2,243,58,58,53,53.0,0.0,10193.0,0,person,0.0,0.0,0.0,0.0,0.0,0.0,0.0,0.0,0.0,0.0,0.0,0.0,0.0,0.0,0.0,0.0,
LASIESTA,I_SM_08,frame,0,73,57,57,54,54.0,0.0,12499.0,0,person,0.0,0.0,0.0,0.0,0.0,0.0,0.0,0.0,0.0,0.0,0.0,0.0,0.0,0.0,0.0,0.0,
LASIESTA,I_SM_08,frame,1,150,61,61,51,51.0,0.0,11674.0,0,person,0.0,0.0,0.0,0.0,0.0,0.0,0.0,0.0,0.0,0.0,0.0,0.0,0.0,0.0,0.0,0.0,
LASIESTA,I_SM_08,frame,2,243,58,58,53,53.0,0.0,9941.0,0,person,0.0,0.0,0.0,0.0,0.0,0.0,0.0,0.0,0.0,0.0,0.0,0.0,0.0,0.0,0.0,0.0,
LASIESTA,I_SM_09,frame,0,74,56,56,53,53.0,0.0,12602.0,0,person,0.0,0.0,0.0,0.0,0.0,0.0,0.0,0.0,0.0,0.0,0.0,0.0,0.0,0.0,0.0,0.0,
LASIESTA,I_SM_09,frame,1,150,61,61,53,53.0,0.0,11598.0,0,person,0.0,0.0,0.0,0.0,0.0,0.0,0.0,0.0,0.0,0.0,0.0,0.0,0.0,0.0,0.0,0.0,
LASIESTA,I_SM_09,frame,2,243,58,58,54,54.0,0.0,10044.0,0,person,0.0,0.0,0.0,0.0,0.0,0.0,0.0,0.0,0.0,0.0,0.0,0.0,0.0,0.0,0.0,0.0,
LASIESTA,I_SM_10,frame,0,74,56,56,53,53.0,0.0,12715.0,0,person,0.0,0.0,0.0,0.0,0.0,0.0,0.0,0.0,0.0,0.0,0.0,0.0,0.0,0.0,0.0,0.0,
LASIESTA,I_SM_10,frame,1,150,62,62,52,52.0,0.0,11772.0,0,person,0.0,0.0,0.0,0.0,0.0,0.0,0.0,0.0,0.0,0.0,0.0,0.0,0.0,0.0,0.0,0.0,
LASIESTA,I_SM_10,frame,2,243,58,58,53,53.0,0.0,10215.0,0,person,0.0,0.0,0.0,0.0,0.0,0.0,0.0,0.0,0.0,0.0,0.0,0.0,0.0,0.0,0.0,0.0,
LASIESTA,I_SM_11,frame,0,74,56,56,54,54.0,0.0,12555.0,0,person,0.0,0.0,0.0,0.0,0.0,0.0,0.0,0.0,0.0,0.0,0.0,0.0,0.0,0.0,0.0,0.0,
LASIESTA,I_SM_11,frame,1,149,62,62,51,51.0,0.0,11583.0,0,person,0.0,0.0,0.0,0.0,0.0,0.0,0.0,0.0,0.0,0.0,0.0,0.0,0.0,0.0,0.0,0.0,
LASIESTA,I_SM_11,frame,2,243,58,58,54,54.0,0.0,10141.0,0,person,0.0,0.0,0.0,0.0,0.0,0.0,0.0,0.0,0.0,0.0,0.0,0.0,0.0,0.0,0.0,0.0,
LASIESTA,I_SM_12,frame,0,73,57,57,54,54.0,0.0,12591.0,0,person,0.0,0.0,0.0,0.0,0.0,0.0,0.0,0.0,0.0,0.0,0.0,0.0,0.0,0.0,0.0,0.0,
LASIESTA,I_SM_12,frame,1,149,62,62,52,52.0,0.0,11459.0,0,person,0.0,0.0,0.0,0.0,0.0,0.0,0.0,0.0,0.0,0.0,0.0,0.0,0.0,0.0,0.0,0.0,
LASIESTA,I_SM_12,frame,2,243,58,58,53,53.0,0.0,10037.0,0,person,0.0,0.0,0.0,0.0,0.0,0.0,0.0,0.0,0.0,0.0,0.0,0.0,0.0,0.0,0.0,0.0,
LASIESTA,O_CL_01,frame,0,144,72,72,67,67.0,0.0,18487.0,2,vehicle,0.0,0.0,0.0,0.0,0.0,0.0,0.0,0.0,0.0,0.0,0.0,0.0,0.0,0.0,0.0,0.0,
LASIESTA,O_CL_02,frame,0,95,293,293,285,285.0,0.0,2467.0,0,person,0.0,0.0,0.0,0.0,0.0,0.0,0.0,0.0,0.0,0.0,0.0,0.0,0.0,0.0,0.0,0.0,
LASIESTA,O_MC_01,frame,0,159,195,195,192,192.0,0.0,4810.0,0,person,0.0,0.0,0.0,0.0,0.0,0.0,0.0,0.0,0.0,0.0,0.0,0.0,0.0,0.0,0.0,0.0,
LASIESTA,O_MC_02,frame,0,75,94,94,90,90.0,0.0,4112.0,0,person,0.0,0.0,0.0,0.0,0.0,0.0,0.0,0.0,0.0,0.0,0.0,0.0,0.0,0.0,0.0,0.0,
LASIESTA,O_RA_01,frame,0,150,119,119,112,112.0,0.0,539.0,0,person,0.0,0.0,0.0,0.0,0.0,0.0,0.0,0.0,0.0,0.0,0.0,0.0,0.0,0.0,0.0,0.0,
LASIESTA,O_RA_01,frame,1,888,113,113,88,88.0,0.0,5948.0,2,vehicle,0.0,0.0,0.0,0.0,0.0,0.0,0.0,0.0,0.0,0.0,0.0,0.0,0.0,0.0,0.0,0.0,
LASIESTA,O_RA_02,frame,0,175,130,130,127,127.0,0.0,5098.0,0,person,0.0,0.0,0.0,0.0,0.0,0.0,0.0,0.0,0.0,0.0,0.0,0.0,0.0,0.0,0.0,0.0,
LASIESTA,O_SM_01,frame,0,72,317,317,311,311.0,0.0,6643.0,0,person,0.0,0.0,0.0,0.0,0.0,0.0,0.0,0.0,0.0,0.0,0.0,0.0,0.0,0.0,0.0,0.0,
LASIESTA,O_SM_02,frame,0,72,317,317,311,311.0,0.0,6294.0,0,person,0.0,0.0,0.0,0.0,0.0,0.0,0.0,0.0,0.0,0.0,0.0,0.0,0.0,0.0,0.0,0.0,
LASIESTA,O_SM_03,frame,0,72,317,317,311,311.0,0.0,5510.0,0,person,0.0,0.0,0.0,0.0,0.0,0.0,0.0,0.0,0.0,0.0,0.0,0.0,0.0,0.0,0.0,0.0,
LASIESTA,O_SM_04,frame,0,102,287,287,273,273.0,0.0,3164.0,0,person,0.0,0.0,0.0,0.0,0.0,0.0,0.0,0.0,0.0,0.0,0.0,0.0,0.0,0.0,0.0,0.0,
LASIESTA,O_SM_05,frame,0,103,286,286,273,273.0,0.0,3166.0,0,person,0.0,0.0,0.0,0.0,0.0,0.0,0.0,0.0,0.0,0.0,0.0,0.0,0.0,0.0,0.0,0.0,
LASIESTA,O_SM_06,frame,0,102,287,287,274,274.0,0.0,3168.0,0,person,0.0,0.0,0.0,0.0,0.0,0.0,0.0,0.0,0.0,0.0,0.0,0.0,0.0,0.0,0.0,0.0,
LASIESTA,O_SM_07,frame,0,103,285,285,270,270.0,0.0,3161.0,0,person,0.0,0.0,0.0,0.0,0.0,0.0,0.0,0.0,0.0,0.0,0.0,0.0,0.0,0.0,0.0,0.0,
LASIESTA,O_SM_08,frame,0,102,286,285,271,271.0,0.0,3156.0,0,person,0.0,0.0,0.0,0.0,0.0,0.0,0.0,0.0,0.0,0.0,0.0,0.0,0.0,0.0,0.0,0.0,
LASIESTA,O_SM_09,frame,0,102,286,286,272,272.0,0.0,3164.0,0,person,0.0,0.0,0.0,0.0,0.0,0.0,0.0,0.0,0.0,0.0,0.0,0.0,0.0,0.0,0.0,0.0,
LASIESTA,O_SM_10,frame,0,102,286,285,274,274.0,0.0,3164.0,0,person,0.0,0.0,0.0,0.0,0.0,0.0,0.0,0.0,0.0,0.0,0.0,0.0,0.0,0.0,0.0,0.0,
LASIESTA,O_SM_11,frame,0,102,287,286,273,273.0,0.0,3159.0,0,person,0.0,0.0,0.0,0.0,0.0,0.0,0.0,0.0,0.0,0.0,0.0,0.0,0.0,0.0,0.0,0.0,
LASIESTA,O_SM_12,frame,0,102,1,1,0,0.0,0.0,12.0,-1,unmatched,1.0,1.0,1.0,1.0,1.0,1.0,1.0,1.0,1.0,1.0,1.0,1.0,1.0,1.0,1.0,1.0,
LASIESTA,O_SM_12,frame,1,105,284,283,274,274.0,0.0,3157.0,0,person,0.0,0.0,0.0,0.0,0.0,0.0,0.0,0.0,0.0,0.0,0.0,0.0,0.0,0.0,0.0,0.0,
LASIESTA,O_SN_01,frame,0,321,101,101,98,98.0,0.0,9478.0,2,vehicle,0.0,0.0,0.0,0.0,0.0,0.0,0.0,0.0,0.0,0.0,0.0,0.0,0.0,0.0,0.0,0.0,
LASIESTA,O_SN_02,frame,0,404,325,325,275,275.0,0.0,1308.0,2,vehicle,0.0,0.0,0.0,0.0,0.0,0.0,0.0,0.0,0.0,0.0,0.0,0.0,0.0,0.0,0.0,0.0,
LASIESTA,O_SU_01,frame,0,100,151,151,144,144.0,0.0,1002.0,0,person,0.0,0.0,0.0,0.0,0.0,0.0,0.0,0.0,0.0,0.0,0.0,0.0,0.0,0.0,0.0,0.0,
LASIESTA,O_SU_02,frame,0,66,275,275,271,271.0,0.0,1760.0,0,person,0.0,0.0,0.0,0.0,0.0,0.0,0.0,0.0,0.0,0.0,0.0,0.0,0.0,0.0,0.0,0.0,
LASIESTA,I_BS_01,instance,0,1,183,183,174,,,1908.0,0,person,0.0,,0.0,,0.0,,0.0,,0.0,,0.0,,0.0,,0.0,,00ff00
LASIESTA,I_BS_01,instance,0,1,97,97,90,,,4286.0,0,person,0.0,,0.0,,0.0,,0.0,,0.0,,0.0,,0.0,,0.0,,ff0000
LASIESTA,I_BS_02,instance,0,1,162,162,159,,,1356.0,0,person,0.0,,0.0,,0.0,,0.0,,0.0,,0.0,,0.0,,0.0,,ff0000
LASIESTA,I_CA_01,instance,0,83,117,117,115,,,9907.0,0,person,0.0,,0.0,,0.0,,0.0,,0.0,,0.0,,0.0,,0.0,,ff0000
LASIESTA,I_CA_01,instance,1,268,71,71,67,,,8339.0,0,person,0.0,,0.0,,0.0,,0.0,,0.0,,0.0,,0.0,,0.0,,ff0000
LASIESTA,I_CA_01,instance,0,200,68,68,68,,,7321.0,0,person,0.0,,0.0,,0.0,,0.0,,0.0,,0.0,,0.0,,0.0,,ffffff
LASIESTA,I_CA_02,instance,0,177,58,58,56,,,12891.0,0,person,0.0,,0.0,,0.0,,0.0,,0.0,,0.0,,0.0,,0.0,,ff0000
LASIESTA,I_CA_02,instance,1,424,78,78,72,,,16690.0,0,person,0.0,,0.0,,0.0,,0.0,,0.0,,0.0,,0.0,,0.0,,ff0000
LASIESTA,I_CA_02,instance,0,235,189,189,189,,,12358.0,0,person,0.0,,0.0,,0.0,,0.0,,0.0,,0.0,,0.0,,0.0,,ffffff
LASIESTA,I_IL_01,instance,0,97,102,102,95,,,8396.0,0,person,0.0,,0.0,,0.0,,0.0,,0.0,,0.0,,0.0,,0.0,,ff0000
LASIESTA,I_IL_02,instance,0,63,327,327,319,,,15027.0,0,person,0.0,,0.0,,0.0,,0.0,,0.0,,0.0,,0.0,,0.0,,ff0000
LASIESTA,I_MB_01,instance,0,95,177,177,174,,,18710.0,0,person,0.0,,0.0,,0.0,,0.0,,0.0,,0.0,,0.0,,0.0,,ff0000
LASIESTA,I_MB_01,instance,0,221,230,230,226,,,1916.0,24,other,0.0,,0.0,,0.0,,0.0,,0.0,,0.0,,0.0,,0.0,,ffffff
LASIESTA,I_MB_02,instance,0,81,224,224,213,,,7839.0,0,person,0.0,,0.0,,0.0,,0.0,,0.0,,0.0,,0.0,,0.0,,ff0000
LASIESTA,I_MC_01,instance,0,141,128,128,124,,,4632.0,0,person,0.0,,0.0,,0.0,,0.0,,0.0,,0.0,,0.0,,0.0,,ff0000
LASIESTA,I_MC_02,instance,0,147,102,102,101,,,4238.0,0,person,0.0,,0.0,,0.0,,0.0,,0.0,,0.0,,0.0,,0.0,,ff0000
LASIESTA,I_OC_01,instance,0,89,82,82,73,,,1732.0,0,person,0.0,,0.0,,0.0,,0.0,,0.0,,0.0,,0.0,,0.0,,ff0000
LASIESTA,I_OC_01,instance,1,190,57,57,37,,,1610.0,0,person,0.0,,0.0,,0.0,,0.0,,0.0,,0.0,,0.0,,0.0,,ff0000
LASIESTA,I_OC_02,instance,0,85,53,53,49,,,15192.0,0,person,0.0,,0.0,,0.0,,0.0,,0.0,,0.0,,0.0,,0.0,,ff0000
LASIESTA,I_OC_02,instance,1,160,91,91,89,,,6198.0,0,person,0.0,,0.0,,0.0,,0.0,,0.0,,0.0,,0.0,,0.0,,ff0000
LASIESTA,I_SI_01,instance,0,153,76,76,70,,,8704.0,0,person,0.0,,0.0,,0.0,,0.0,,0.0,,0.0,,0.0,,0.0,,00ff00
LASIESTA,I_SI_01,instance,0,76,64,64,63,,,10318.0,0,person,0.0,,0.0,,0.0,,0.0,,0.0,,0.0,,0.0,,0.0,,ff0000
LASIESTA,I_SI_01,instance,0,232,69,69,66,,,7569.0,0,person,0.0,,0.0,,0.0,,0.0,,0.0,,0.0,,0.0,,0.0,,ffff00
LASIESTA,I_SI_02,instance,0,76,206,206,198,,,4965.0,0,person,0.0,,0.0,,0.0,,0.0,,0.0,,0.0,,0.0,,0.0,,ff0000
LASIESTA,I_SM_01,instance,0,143,58,58,54,,,15725.0,0,person,0.0,,0.0,,0.0,,0.0,,0.0,,0.0,,0.0,,0.0,,00ff00
LASIESTA,I_SM_01,instance,0,51,70,70,67,,,15011.0,0,person,0.0,,0.0,,0.0,,0.0,,0.0,,0.0,,0.0,,0.0,,ff0000
LASIESTA,I_SM_01,instance,0,242,59,59,57,,,13265.0,0,person,0.0,,0.0,,0.0,,0.0,,0.0,,0.0,,0.0,,0.0,,ffff00
LASIESTA,I_SM_02,instance,0,146,96,96,90,,,15159.0,0,person,0.0,,0.0,,0.0,,0.0,,0.0,,0.0,,0.0,,0.0,,00ff00
LASIESTA,I_SM_02,instance,0,51,78,78,75,,,16863.0,0,person,0.0,,0.0,,0.0,,0.0,,0.0,,0.0,,0.0,,0.0,,ff0000
LASIESTA,I_SM_02,instance,0,229,72,72,72,,,13265.0,0,person,0.0,,0.0,,0.0,,0.0,,0.0,,0.0,,0.0,,0.0,,ffff00
LASIESTA,I_SM_03,instance,0,150,90,90,86,,,14377.0,0,person,0.0,,0.0,,0.0,,0.0,,0.0,,0.0,,0.0,,0.0,,00ff00
LASIESTA,I_SM_03,instance,0,51,84,84,81,,,17902.0,0,person,0.0,,0.0,,0.0,,0.0,,0.0,,0.0,,0.0,,0.0,,ff0000
LASIESTA,I_SM_03,instance,0,229,72,72,72,,,13265.0,0,person,0.0,,0.0,,0.0,,0.0,,0.0,,0.0,,0.0,,0.0,,ffff00
LASIESTA,I_SM_04,instance,0,150,61,61,53,,,11560.0,0,person,0.0,,0.0,,0.0,,0.0,,0.0,,0.0,,0.0,,0.0,,00ff00
LASIESTA,I_SM_04,instance,0,74,56,56,54,,,12659.0,0,person,0.0,,0.0,,0.0,,0.0,,0.0,,0.0,,0.0,,0.0,,ff0000
LASIESTA,I_SM_04,instance,0,243,58,58,54,,,10121.0,0,person,0.0,,0.0,,0.0,,0.0,,0.0,,0.0,,0.0,,0.0,,ffff00
LASIESTA,I_SM_05,instance,0,150,61,61,53,,,11511.0,0,person,0.0,,0.0,,0.0,,0.0,,0.0,,0.0,,0.0,,0.0,,00ff00
LASIESTA,I_SM_05,instance,0,74,56,56,54,,,12443.0,0,person,0.0,,0.0,,0.0,,0.0,,0.0,,0.0,,0.0,,0.0,,ff0000
LASIESTA,I_SM_05,instance,0,243,58,58,55,,,10029.0,0,person,0.0,,0.0,,0.0,,0.0,,0.0,,0.0,,0.0,,0.0,,ffff00
LASIESTA,I_SM_06,instance,0,150,61,61,52,,,11426.0,0,person,0.0,,0.0,,0.0,,0.0,,0.0,,0.0,,0.0,,0.0,,00ff00
LASIESTA,I_SM_06,instance,0,74,56,56,54,,,12495.0,0,person,0.0,,0.0,,0.0,,0.0,,0.0,,0.0,,0.0,,0.0,,ff0000
LASIESTA,I_SM_06,instance,0,243,58,58,52,,,10005.0,0,person,0.0,,0.0,,0.0,,0.0,,0.0,,0.0,,0.0,,0.0,,ffff00
LASIESTA,I_SM_07,instance,0,150,61,61,54,,,11573.0,0,person,0.0,,0.0,,0.0,,0.0,,0.0,,0.0,,0.0,,0.0,,00ff00
LASIESTA,I_SM_07,instance,0,74,56,56,54,,,12803.0,0,person,0.0,,0.0,,0.0,,0.0,,0.0,,0.0,,0.0,,0.0,,ff0000
LASIESTA,I_SM_07,instance,0,243,58,58,53,,,10193.0,0,person,0.0,,0.0,,0.0,,0.0,,0.0,,0.0,,0.0,,0.0,,ffff00
LASIESTA,I_SM_08,instance,0,150,61,61,51,,,11674.0,0,person,0.0,,0.0,,0.0,,0.0,,0.0,,0.0,,0.0,,0.0,,00ff00
LASIESTA,I_SM_08,instance,0,73,57,57,54,,,12499.0,0,person,0.0,,0.0,,0.0,,0.0,,0.0,,0.0,,0.0,,0.0,,ff0000
LASIESTA,I_SM_08,instance,0,243,58,58,53,,,9941.0,0,person,0.0,,0.0,,0.0,,0.0,,0.0,,0.0,,0.0,,0.0,,ffff00
LASIESTA,I_SM_09,instance,0,150,61,61,53,,,11598.0,0,person,0.0,,0.0,,0.0,,0.0,,0.0,,0.0,,0.0,,0.0,,00ff00
LASIESTA,I_SM_09,instance,0,74,56,56,53,,,12602.0,0,person,0.0,,0.0,,0.0,,0.0,,0.0,,0.0,,0.0,,0.0,,ff0000
LASIESTA,I_SM_09,instance,0,243,58,58,54,,,10044.0,0,person,0.0,,0.0,,0.0,,0.0,,0.0,,0.0,,0.0,,0.0,,ffff00
LASIESTA,I_SM_10,instance,0,150,62,62,52,,,11772.0,0,person,0.0,,0.0,,0.0,,0.0,,0.0,,0.0,,0.0,,0.0,,00ff00
LASIESTA,I_SM_10,instance,0,74,56,56,53,,,12715.0,0,person,0.0,,0.0,,0.0,,0.0,,0.0,,0.0,,0.0,,0.0,,ff0000
LASIESTA,I_SM_10,instance,0,243,58,58,53,,,10215.0,0,person,0.0,,0.0,,0.0,,0.0,,0.0,,0.0,,0.0,,0.0,,ffff00
LASIESTA,I_SM_11,instance,0,149,62,62,51,,,11583.0,0,person,0.0,,0.0,,0.0,,0.0,,0.0,,0.0,,0.0,,0.0,,00ff00
LASIESTA,I_SM_11,instance,0,74,56,56,54,,,12555.0,0,person,0.0,,0.0,,0.0,,0.0,,0.0,,0.0,,0.0,,0.0,,ff0000
LASIESTA,I_SM_11,instance,0,243,58,58,54,,,10141.0,0,person,0.0,,0.0,,0.0,,0.0,,0.0,,0.0,,0.0,,0.0,,ffff00
LASIESTA,I_SM_12,instance,0,149,62,62,52,,,11459.0,0,person,0.0,,0.0,,0.0,,0.0,,0.0,,0.0,,0.0,,0.0,,00ff00
LASIESTA,I_SM_12,instance,0,73,57,57,54,,,12591.0,0,person,0.0,,0.0,,0.0,,0.0,,0.0,,0.0,,0.0,,0.0,,ff0000
LASIESTA,I_SM_12,instance,0,243,58,58,53,,,10037.0,0,person,0.0,,0.0,,0.0,,0.0,,0.0,,0.0,,0.0,,0.0,,ffff00
LASIESTA,O_CL_01,instance,0,144,72,72,67,,,18487.0,2,vehicle,0.0,,0.0,,0.0,,0.0,,0.0,,0.0,,0.0,,0.0,,ff0000
LASIESTA,O_CL_02,instance,0,189,199,198,189,,,2467.0,0,person,0.0,,0.0,,0.0,,0.0,,0.0,,0.0,,0.0,,0.0,,00ff00
LASIESTA,O_CL_02,instance,0,95,236,236,227,,,1366.0,0,person,0.0,,0.0,,0.0,,0.0,,0.0,,0.0,,0.0,,0.0,,ff0000
LASIESTA,O_MC_01,instance,0,159,195,195,192,,,4810.0,0,person,0.0,,0.0,,0.0,,0.0,,0.0,,0.0,,0.0,,0.0,,ff0000
LASIESTA,O_MC_02,instance,0,75,94,94,90,,,4112.0,0,person,0.0,,0.0,,0.0,,0.0,,0.0,,0.0,,0.0,,0.0,,ff0000
LASIESTA,O_RA_01,instance,0,888,113,113,88,,,5948.0,2,vehicle,0.0,,0.0,,0.0,,0.0,,0.0,,0.0,,0.0,,0.0,,00ff00
LASIESTA,O_RA_01,instance,0,150,119,119,112,,,539.0,0,person,0.0,,0.0,,0.0,,0.0,,0.0,,0.0,,0.0,,0.0,,ff0000
LASIESTA,O_RA_02,instance,0,227,78,78,75,,,5098.0,0,person,0.0,,0.0,,0.0,,0.0,,0.0,,0.0,,0.0,,0.0,,00ff00
LASIESTA,O_RA_02,instance,0,175,83,83,81,,,3272.0,0,person,0.0,,0.0,,0.0,,0.0,,0.0,,0.0,,0.0,,0.0,,ff0000
LASIESTA,O_SM_01,instance,0,182,207,207,199,,,6643.0,0,person,0.0,,0.0,,0.0,,0.0,,0.0,,0.0,,0.0,,0.0,,00ff00
LASIESTA,O_SM_01,instance,0,72,130,130,126,,,3952.0,0,person,0.0,,0.0,,0.0,,0.0,,0.0,,0.0,,0.0,,0.0,,ff0000
LASIESTA,O_SM_02,instance,0,194,195,195,191,,,6294.0,0,person,0.0,,0.0,,0.0,,0.0,,0.0,,0.0,,0.0,,0.0,,00ff00
LASIESTA,O_SM_02,instance,0,72,136,136,132,,,3952.0,0,person,0.0,,0.0,,0.0,,0.0,,0.0,,0.0,,0.0,,0.0,,ff0000
LASIESTA,O_SM_02,instance,1,257,74,74,65,,,1096.0,0,person,0.0,,0.0,,0.0,,0.0,,0.0,,0.0,,0.0,,0.0,,ff0000
LASIESTA,O_SM_03,instance,0,197,192,192,187,,,5510.0,0,person,0.0,,0.0,,0.0,,0.0,,0.0,,0.0,,0.0,,0.0,,00ff00
LASIESTA,O_SM_03,instance,0,72,140,140,136,,,3952.0,0,person,0.0,,0.0,,0.0,,0.0,,0.0,,0.0,,0.0,,0.0,,ff0000
LASIESTA,O_SM_03,instance,1,240,91,91,86,,,1182.0,0,person,0.0,,0.0,,0.0,,0.0,,0.0,,0.0,,0.0,,0.0,,ff0000
LASIESTA,O_SM_04,instance,0,198,191,190,178,,,3164.0,0,person,0.0,,0.0,,0.0,,0.0,,0.0,,0.0,,0.0,,0.0,,00ff00
LASIESTA,O_SM_04,instance,0,102,229,229,215,,,1749.0,0,person,0.0,,0.0,,0.0,,0.0,,0.0,,0.0,,0.0,,0.0,,ff0000
LASIESTA,O_SM_05,instance,0,199,190,190,179,,,3166.0,0,person,0.0,,0.0,,0.0,,0.0,,0.0,,0.0,,0.0,,0.0,,00ff00
LASIESTA,O_SM_05,instance,0,103,228,228,213,,,1783.0,0,person,0.0,,0.0,,0.0,,0.0,,0.0,,0.0,,0.0,,0.0,,ff0000
LASIESTA,O_SM_06,instance,0,199,190,190,179,,,3168.0,0,person,0.0,,0.0,,0.0,,0.0,,0.0,,0.0,,0.0,,0.0,,00ff00
LASIESTA,O_SM_06,instance,0,102,229,229,215,,,1748.0,0,person,0.0,,0.0,,0.0,,0.0,,0.0,,0.0,,0.0,,0.0,,ff0000
LASIESTA,O_SM_07,instance,0,198,190,188,176,,,3161.0,0,person,0.0,,0.0,,0.0,,0.0,,0.0,,0.0,,0.0,,0.0,,00ff00
LASIESTA,O_SM_07,instance,0,103,228,228,214,,,1749.0,0,person,0.0,,0.0,,0.0,,0.0,,0.0,,0.0,,0.0,,0.0,,ff0000
LASIESTA,O_SM_08,instance,0,198,190,189,175,,,3156.0,0,person,0.0,,0.0,,0.0,,0.0,,0.0,,0.0,,0.0,,0.0,,00ff00
LASIESTA,O_SM_08,instance,0,102,229,228,214,,,1745.0,0,person,0.0,,0.0,,0.0,,0.0,,0.0,,0.0,,0.0,,0.0,,ff0000
LASIESTA,O_SM_09,instance,0,198,190,189,176,,,3164.0,0,person,0.0,,0.0,,0.0,,0.0,,0.0,,0.0,,0.0,,0.0,,00ff00
LASIESTA,O_SM_09,instance,0,102,229,229,216,,,1752.0,0,person,0.0,,0.0,,0.0,,0.0,,0.0,,0.0,,0.0,,0.0,,ff0000
LASIESTA,O_SM_10,instance,0,199,189,188,178,,,3164.0,0,person,0.0,,0.0,,0.0,,0.0,,0.0,,0.0,,0.0,,0.0,,00ff00
LASIESTA,O_SM_10,instance,0,102,229,228,213,,,1759.0,0,person,0.0,,0.0,,0.0,,0.0,,0.0,,0.0,,0.0,,0.0,,ff0000
LASIESTA,O_SM_11,instance,0,198,191,189,177,,,3159.0,0,person,0.0,,0.0,,0.0,,0.0,,0.0,,0.0,,0.0,,0.0,,00ff00
LASIESTA,O_SM_11,instance,0,102,229,228,216,,,1756.0,0,person,0.0,,0.0,,0.0,,0.0,,0.0,,0.0,,0.0,,0.0,,ff0000
LASIESTA,O_SM_12,instance,0,198,4,4,0,,,20.0,-1,unmatched,1.0,,1.0,,1.0,,1.0,,1.0,,1.0,,1.0,,1.0,,00ff00
LASIESTA,O_SM_12,instance,1,204,185,184,178,,,3157.0,0,person,0.0,,0.0,,0.0,,0.0,,0.0,,0.0,,0.0,,0.0,,00ff00
LASIESTA,O_SM_12,instance,0,102,1,1,0,,,12.0,-1,unmatched,1.0,,1.0,,1.0,,1.0,,1.0,,1.0,,1.0,,1.0,,ff0000
LASIESTA,O_SM_12,instance,1,105,226,225,215,,,1795.0,0,person,0.0,,0.0,,0.0,,0.0,,0.0,,0.0,,0.0,,0.0,,ff0000
LASIESTA,O_SN_01,instance,0,321,101,101,98,,,9478.0,2,vehicle,0.0,,0.0,,0.0,,0.0,,0.0,,0.0,,0.0,,0.0,,ff0000
LASIESTA,O_SN_02,instance,0,404,325,325,275,,,1308.0,2,vehicle,0.0,,0.0,,0.0,,0.0,,0.0,,0.0,,0.0,,0.0,,ff0000
LASIESTA,O_SU_01,instance,0,192,59,59,25,,,102.0,2,vehicle,0.0,,0.0,,0.0,,0.0,,0.0,,0.0,,0.0,,0.0625,,00ff00
LASIESTA,O_SU_01,instance,0,100,150,150,144,,,1002.0,0,person,0.0,,0.0,,0.0,,0.0,,0.0,,0.0,,0.0,,0.0,,ff0000
LASIESTA,O_SU_02,instance,0,211,130,130,125,,,1760.0,0,person,0.0,,0.0,,0.0,,0.0,,0.0,,0.0,,0.0,,0.0,,00ff00
LASIESTA,O_SU_02,instance,0,66,253,253,251,,,1126.0,0,person,0.0,,0.0,,0.0,,0.0,,0.0,,0.0,,0.0,,0.0,,ff0000
