dataset,video,event_id,onset_frame,duration,n_fg,n_hit,L_area_max,cls,cls_group,pGs_K1,pGs_K2,pGs_K3,pGs_K4,pGs_K6,pGs_K8,pGs_K12,pGs_K16,pG_K1,pG_K2,pG_K3,pG_K4,pG_K6,pG_K8,pG_K12,pG_K16,def_a256
CDnet2014,continuousPan,0,600,41,41,9,1737.0,2,vehicle,0.0,0.0,0.0,0.0,0.0,0.0,0.25,0.4375,0.0,0.0,0.0,0.0,0.0,0.0,0.25,0.375,True
CDnet2014,continuousPan,1,741,5,5,5,40302.0,2,vehicle,0.0,0.0,0.0,0.0,0.1666666666666666,0.375,0.5833333333333333,0.6875,0.0,0.0,0.0,0.0,0.1666666666666666,0.375,0.5833333333333333,0.6875,True
CDnet2014,continuousPan,2,823,4,4,4,24573.0,2,vehicle,0.0,0.0,0.0,0.0,0.3333333333333333,0.5,0.6666666666666667,0.75,0.0,0.0,0.0,0.0,0.3333333333333333,0.5,0.6666666666666667,0.75,True
CDnet2014,continuousPan,3,842,4,4,4,47057.0,2,vehicle,0.0,0.0,0.0,0.0,0.3333333333333333,0.5,0.6666666666666667,0.75,0.0,0.0,0.0,0.0,0.3333333333333333,0.5,0.6666666666666667,0.75,True
CDnet2014,continuousPan,4,850,4,4,4,20850.0,2,vehicle,0.0,0.0,0.0,0.0,0.3333333333333333,0.5,0.6666666666666667,0.75,0.0,0.0,0.0,0.0,0.3333333333333333,0.5,0.6666666666666667,0.75,True
CDnet2014,continuousPan,5,914,4,4,4,52602.0,2,vehicle,0.0,0.0,0.0,0.0,0.3333333333333333,0.5,0.6666666666666667,0.75,0.0,0.0,0.0,0.0,0.3333333333333333,0.5,0.6666666666666667,0.75,True
CDnet2014,continuousPan,6,959,6,6,4,139074.0,2,vehicle,0.0,0.0,0.0,0.25,0.3333333333333333,0.5,0.6666666666666667,0.75,0.0,0.0,0.0,0.0,0.0,0.25,0.5,0.625,True
CDnet2014,continuousPan,7,985,5,5,5,41608.0,2,vehicle,0.0,0.0,0.0,0.0,0.1666666666666666,0.375,0.5833333333333333,0.6875,0.0,0.0,0.0,0.0,0.1666666666666666,0.375,0.5833333333333333,0.6875,True
CDnet2014,continuousPan,8,1007,6,6,6,18369.0,2,vehicle,0.0,0.0,0.0,0.0,0.0,0.25,0.5,0.625,0.0,0.0,0.0,0.0,0.0,0.25,0.5,0.625,True
CDnet2014,intermittentPan,0,1200,208,208,192,2772.0,2,vehicle,0.0,0.0,0.0,0.0,0.0,0.0,0.0,0.0,0.0,0.0,0.0,0.0,0.0,0.0,0.0,0.0,True
CDnet2014,intermittentPan,1,1446,17,17,0,57.0,-1,unmatched,1.0,1.0,1.0,1.0,1.0,1.0,1.0,1.0,0.0,0.5,0.6666666666666667,0.75,0.8333333333333334,0.875,0.9166666666666666,0.9375,False
CDnet2014,intermittentPan,2,1466,8,8,0,46.0,-1,unmatched,1.0,1.0,1.0,1.0,1.0,1.0,1.0,1.0,1.0,1.0,1.0,1.0,1.0,1.0,1.0,1.0,False
CDnet2014,intermittentPan,3,1484,12,12,8,520.0,2,vehicle,0.0,0.0,0.0,0.0,0.0,0.25,0.3333333333333333,0.5,0.0,0.0,0.0,0.0,0.0,0.0,0.0,0.25,True
CDnet2014,intermittentPan,4,1509,2,2,0,16.0,-1,unmatched,1.0,1.0,1.0,1.0,1.0,1.0,1.0,1.0,0.0,0.0,0.3333333333333333,0.5,0.6666666666666667,0.75,0.8333333333333334,0.875,False
CDnet2014,intermittentPan,5,1571,6,6,1,1412.0,2,vehicle,0.0,0.5,0.6666666666666667,0.75,0.8333333333333334,0.875,0.9166666666666666,0.9375,0.0,0.0,0.0,0.0,0.0,0.25,0.5,0.625,True
CDnet2014,intermittentPan,6,1581,6,6,6,2069.0,2,vehicle,0.0,0.0,0.0,0.0,0.0,0.25,0.5,0.625,0.0,0.0,0.0,0.0,0.0,0.25,0.5,0.625,True
CDnet2014,intermittentPan,7,1596,10,10,0,218.0,-1,unmatched,1.0,1.0,1.0,1.0,1.0,1.0,1.0,1.0,0.0,0.0,0.0,0.0,0.0,0.0,0.1666666666666666,0.375,False
CDnet2014,intermittentPan,8,1609,14,14,11,2055.0,2,vehicle,0.0,0.0,0.0,0.0,0.0,0.0,0.1666666666666666,0.3125,0.0,0.0,0.0,0.0,0.0,0.0,0.0833333333333333,0.25,True
CDnet2014,intermittentPan,9,1628,11,11,7,1588.0,2,vehicle,0.0,0.0,0.0,0.0,0.0,0.125,0.4166666666666666,0.5625,0.0,0.0,0.0,0.0,0.0,0.125,0.4166666666666666,0.5625,True
CDnet2014,intermittentPan,10,1644,15,15,7,112.0,0,person,0.0,0.0,0.0,0.0,0.1666666666666666,0.25,0.4166666666666666,0.5625,0.0,0.0,0.0,0.0,0.0,0.0,0.0,0.0625,False
CDnet2014,intermittentPan,11,1664,318,318,170,31653.0,6,vehicle,0.0,0.0,0.0,0.0,0.0,0.0,0.0,0.0,0.0,0.0,0.0,0.0,0.0,0.0,0.0,0.0,True
CDnet2014,intermittentPan,12,1985,10,10,0,42.0,-1,unmatched,1.0,1.0,1.0,1.0,1.0,1.0,1.0,1.0,0.0,0.0,0.0,0.0,0.0,0.0,0.1666666666666666,0.375,False
CDnet2014,intermittentPan,13,2243,107,107,107,1945.0,2,vehicle,0.0,0.0,0.0,0.0,0.0,0.0,0.0,0.0,0.0,0.0,0.0,0.0,0.0,0.0,0.0,0.0,True
CDnet2014,twoPositionPTZCam,0,818,102,102,83,7310.0,2,vehicle,0.0,0.0,0.0,0.0,0.0,0.0,0.0,0.0,0.0,0.0,0.0,0.0,0.0,0.0,0.0,0.0,True
CDnet2014,twoPositionPTZCam,1,963,79,79,73,5770.0,2,vehicle,0.0,0.0,0.0,0.0,0.0,0.0,0.0,0.0,0.0,0.0,0.0,0.0,0.0,0.0,0.0,0.0,True
CDnet2014,twoPositionPTZCam,2,1156,88,88,67,6041.0,2,vehicle,0.0,0.0,0.0,0.0,0.0,0.0,0.0,0.0,0.0,0.0,0.0,0.0,0.0,0.0,0.0,0.0,True
CDnet2014,twoPositionPTZCam,3,1249,23,23,19,4602.0,2,vehicle,0.0,0.0,0.0,0.0,0.0,0.0,0.0,0.0,0.0,0.0,0.0,0.0,0.0,0.0,0.0,0.0,True
CDnet2014,twoPositionPTZCam,4,1275,40,40,33,5333.0,2,vehicle,0.0,0.0,0.0,0.0,0.0,0.0,0.0,0.0,0.0,0.0,0.0,0.0,0.0,0.0,0.0,0.0,True
CDnet2014,twoPositionPTZCam,5,1339,24,23,14,5869.0,2,vehicle,0.0,0.0,0.0,0.0,0.0,0.0,0.0833333333333333,0.125,0.0,0.0,0.0,0.0,0.0,0.0,0.0833333333333333,0.0625,True
CDnet2014,twoPositionPTZCam,6,1444,106,106,102,5724.0,2,vehicle,0.0,0.0,0.0,0.0,0.0,0.0,0.0,0.0,0.0,0.0,0.0,0.0,0.0,0.0,0.0,0.0,True
CDnet2014,zoomInZoomOut,0,500,315,315,301,286.0,0,person,0.0,0.0,0.0,0.0,0.0,0.0,0.0,0.0,0.0,0.0,0.0,0.0,0.0,0.0,0.0,0.0,True
CDnet2014,blizzard,0,900,1280,1280,1053,18660.0,2,vehicle,0.0,0.0,0.0,0.0,0.0,0.0,0.0,0.0,0.0,0.0,0.0,0.0,0.0,0.0,0.0,0.0,True
CDnet2014,blizzard,1,3045,463,463,422,20363.0,2,vehicle,0.0,0.0,0.0,0.0,0.0,0.0,0.0,0.0,0.0,0.0,0.0,0.0,0.0,0.0,0.0,0.0,True
CDnet2014,blizzard,2,3516,74,73,36,15229.0,2,vehicle,0.0,0.0,0.0,0.0,0.0,0.0,0.0,0.0,0.0,0.0,0.0,0.0,0.0,0.0,0.0,0.0,True
CDnet2014,skating,0,800,37,37,34,28248.0,0,person,0.0,0.0,0.0,0.0,0.0,0.0,0.0,0.0,0.0,0.0,0.0,0.0,0.0,0.0,0.0,0.0,True
CDnet2014,skating,1,851,185,185,174,12285.0,0,person,0.0,0.0,0.0,0.0,0.0,0.0,0.0,0.0,0.0,0.0,0.0,0.0,0.0,0.0,0.0,0.0,True
CDnet2014,skating,2,1328,204,204,194,35190.0,0,person,0.0,0.0,0.0,0.0,0.0,0.0,0.0,0.0,0.0,0.0,0.0,0.0,0.0,0.0,0.0,0.0,True
CDnet2014,skating,3,1562,142,142,132,40040.0,0,person,0.0,0.0,0.0,0.0,0.0,0.0,0.0,0.0,0.0,0.0,0.0,0.0,0.0,0.0,0.0,0.0,True
CDnet2014,skating,4,1827,198,198,188,15897.0,0,person,0.0,0.0,0.0,0.0,0.0,0.0,0.0,0.0,0.0,0.0,0.0,0.0,0.0,0.0,0.0,0.0,True
CDnet2014,skating,5,2253,97,97,88,16110.0,0,person,0.0,0.0,0.0,0.0,0.0,0.0,0.0,0.0,0.0,0.0,0.0,0.0,0.0,0.0,0.0,0.0,True
CDnet2014,snowFall,0,800,351,351,311,56925.0,2,vehicle,0.0,0.0,0.0,0.0,0.0,0.0,0.0,0.0,0.0,0.0,0.0,0.0,0.0,0.0,0.0,0.0,True
CDnet2014,snowFall,1,1188,272,272,146,26635.0,2,vehicle,0.0,0.0,0.0,0.0,0.0,0.0,0.0,0.0,0.0,0.0,0.0,0.0,0.0,0.0,0.0,0.0,True
CDnet2014,snowFall,2,2735,247,247,224,66317.0,2,vehicle,0.0,0.0,0.0,0.0,0.0,0.0,0.0,0.0,0.0,0.0,0.0,0.0,0.0,0.0,0.0,0.0,True
CDnet2014,wetSnow,0,500,551,551,340,22013.0,2,vehicle,0.0,0.0,0.0,0.0,0.0,0.0,0.0,0.0,0.0,0.0,0.0,0.0,0.0,0.0,0.0,0.0,True
CDnet2014,wetSnow,1,1658,122,122,45,12193.0,2,vehicle,0.0,0.0,0.0,0.0,0.0,0.0,0.0,0.0,0.0,0.0,0.0,0.0,0.0,0.0,0.0,0.0,True
CDnet2014,wetSnow,2,1787,213,213,42,10864.0,0,person,0.0,0.0,0.0,0.0,0.0,0.0,0.0,0.0,0.0,0.0,0.0,0.0,0.0,0.0,0.0,0.0,True
CDnet2014,PETS2006,0,300,901,901,869,13059.0,0,person,0.0,0.0,0.0,0.0,0.0,0.0,0.0,0.0,0.0,0.0,0.0,0.0,0.0,0.0,0.0,0.0,True
CDnet2014,highway,0,470,1231,1231,1188,8049.0,2,vehicle,0.0,0.0,0.0,0.0,0.0,0.0,0.0,0.0,0.0,0.0,0.0,0.0,0.0,0.0,0.0,0.0,True
CDnet2014,office,0,582,1460,1460,1446,7648.0,0,person,0.0,0.0,0.0,0.0,0.0,0.0,0.0,0.0,0.0,0.0,0.0,0.0,0.0,0.0,0.0,0.0,True
CDnet2014,pedestrians,0,302,410,410,391,1968.0,0,person,0.0,0.0,0.0,0.0,0.0,0.0,0.0,0.0,0.0,0.0,0.0,0.0,0.0,0.0,0.0,0.0,True
CDnet2014,pedestrians,1,829,224,224,219,1126.0,0,person,0.0,0.0,0.0,0.0,0.0,0.0,0.0,0.0,0.0,0.0,0.0,0.0,0.0,0.0,0.0,0.0,True
CDnet2014,badminton,0,800,351,351,347,14300.0,0,person,0.0,0.0,0.0,0.0,0.0,0.0,0.0,0.0,0.0,0.0,0.0,0.0,0.0,0.0,0.0,0.0,True
CDnet2014,boulevard,0,796,240,240,207,6159.0,2,vehicle,0.0,0.0,0.0,0.0,0.0,0.0,0.0,0.0,0.0,0.0,0.0,0.0,0.0,0.0,0.0,0.0,True
CDnet2014,boulevard,1,1044,97,97,95,4184.0,2,vehicle,0.0,0.0,0.0,0.0,0.0,0.0,0.0,0.0,0.0,0.0,0.0,0.0,0.0,0.0,0.0,0.0,True
CDnet2014,boulevard,2,1175,173,173,138,9777.0,2,vehicle,0.0,0.0,0.0,0.0,0.0,0.0,0.0,0.0,0.0,0.0,0.0,0.0,0.0,0.0,0.0,0.0,True
CDnet2014,boulevard,3,1466,67,67,63,2771.0,2,vehicle,0.0,0.0,0.0,0.0,0.0,0.0,0.0,0.0,0.0,0.0,0.0,0.0,0.0,0.0,0.0,0.0,True
CDnet2014,boulevard,4,1941,88,88,71,24603.0,6,vehicle,0.0,0.0,0.0,0.0,0.0,0.0,0.0,0.0,0.0,0.0,0.0,0.0,0.0,0.0,0.0,0.0,True
CDnet2014,boulevard,5,2085,116,116,104,17730.0,5,vehicle,0.0,0.0,0.0,0.0,0.0,0.0,0.0,0.0,0.0,0.0,0.0,0.0,0.0,0.0,0.0,0.0,True
CDnet2014,boulevard,6,2206,147,146,136,17773.0,2,vehicle,0.0,0.0,0.0,0.0,0.0,0.0,0.0,0.0,0.0,0.0,0.0,0.0,0.0,0.0,0.0,0.0,True
CDnet2014,boulevard,7,2387,73,73,71,3308.0,2,vehicle,0.0,0.0,0.0,0.0,0.0,0.0,0.0,0.0,0.0,0.0,0.0,0.0,0.0,0.0,0.0,0.0,True
CDnet2014,sidewalk,0,800,401,401,334,4719.0,0,person,0.0,0.0,0.0,0.0,0.0,0.0,0.0,0.0,0.0,0.0,0.0,0.0,0.0,0.0,0.0,0.0,True
CDnet2014,traffic,0,952,61,61,41,18332.0,2,vehicle,0.0,0.0,0.0,0.0,0.0,0.0,0.0,0.0,0.0,0.0,0.0,0.0,0.0,0.0,0.0,0.0,True
CDnet2014,traffic,1,1020,29,29,13,8102.0,2,vehicle,0.0,0.0,0.0,0.0,0.0,0.125,0.1666666666666666,0.3125,0.0,0.0,0.0,0.0,0.0,0.125,0.1666666666666666,0.3125,True
CDnet2014,traffic,2,1056,28,28,20,9494.0,2,vehicle,0.0,0.0,0.0,0.0,0.0,0.0,0.0,0.0,0.0,0.0,0.0,0.0,0.0,0.0,0.0,0.0,True
CDnet2014,traffic,3,1086,1,1,0,18.0,-1,unmatched,1.0,1.0,1.0,1.0,1.0,1.0,1.0,1.0,1.0,1.0,1.0,1.0,1.0,1.0,1.0,1.0,False
CDnet2014,traffic,4,1092,33,33,19,17403.0,2,vehicle,0.0,0.0,0.0,0.0,0.0,0.0,0.0,0.0,0.0,0.0,0.0,0.0,0.0,0.0,0.0,0.0,True
CDnet2014,traffic,5,1134,58,58,24,16964.0,2,vehicle,0.0,0.0,0.0,0.0,0.0,0.0,0.0,0.125,0.0,0.0,0.0,0.0,0.0,0.0,0.0,0.125,True
CDnet2014,traffic,6,1194,33,33,20,16510.0,2,vehicle,0.0,0.0,0.0,0.0,0.0,0.0,0.0,0.0625,0.0,0.0,0.0,0.0,0.0,0.0,0.0,0.0625,True
CDnet2014,traffic,7,1233,32,32,29,10385.0,2,vehicle,0.0,0.0,0.0,0.0,0.0,0.0,0.0,0.0,0.0,0.0,0.0,0.0,0.0,0.0,0.0,0.0,True
CDnet2014,traffic,8,1281,30,30,24,9433.0,2,vehicle,0.0,0.0,0.0,0.0,0.0,0.0,0.0,0.0625,0.0,0.0,0.0,0.0,0.0,0.0,0.0,0.0625,True
CDnet2014,traffic,9,1330,33,31,21,7878.0,2,vehicle,0.0,0.0,0.0,0.0,0.0,0.0,0.0,0.0,0.0,0.0,0.0,0.0,0.0,0.0,0.0,0.0,True
CDnet2014,traffic,10,1369,27,27,16,8714.0,2,vehicle,0.0,0.0,0.0,0.0,0.0,0.0,0.1666666666666666,0.0625,0.0,0.0,0.0,0.0,0.0,0.0,0.0833333333333333,0.0625,True
CDnet2014,traffic,11,1404,32,31,16,9590.0,2,vehicle,0.0,0.0,0.0,0.0,0.0,0.0,0.0833333333333333,0.125,0.0,0.0,0.0,0.0,0.0,0.0,0.0833333333333333,0.0625,True
CDnet2014,traffic,12,1443,23,23,8,10764.0,2,vehicle,0.0,0.0,0.0,0.0,0.1666666666666666,0.125,0.4166666666666666,0.5,0.0,0.0,0.0,0.0,0.0,0.125,0.25,0.3125,True
CDnet2014,traffic,13,1470,94,94,63,25279.0,2,vehicle,0.0,0.0,0.0,0.0,0.0,0.0,0.0,0.0,0.0,0.0,0.0,0.0,0.0,0.0,0.0,0.0,True
CDnet2014,boats,0,1932,105,105,93,2413.0,8,vehicle,0.0,0.0,0.0,0.0,0.0,0.0,0.0,0.0,0.0,0.0,0.0,0.0,0.0,0.0,0.0,0.0,True
CDnet2014,boats,1,6944,1055,1055,975,1802.0,8,vehicle,0.0,0.0,0.0,0.0,0.0,0.0,0.0,0.0,0.0,0.0,0.0,0.0,0.0,0.0,0.0,0.0,True
CDnet2014,canoe,0,840,247,247,242,7782.0,8,vehicle,0.0,0.0,0.0,0.0,0.0,0.0,0.0,0.0,0.0,0.0,0.0,0.0,0.0,0.0,0.0,0.0,True
CDnet2014,fall,0,1465,86,86,85,39677.0,7,vehicle,0.0,0.0,0.0,0.0,0.0,0.0,0.0,0.0,0.0,0.0,0.0,0.0,0.0,0.0,0.0,0.0,True
CDnet2014,fall,1,1826,32,32,29,22793.0,2,vehicle,0.0,0.0,0.0,0.0,0.0,0.0,0.0,0.0,0.0,0.0,0.0,0.0,0.0,0.0,0.0,0.0,True
CDnet2014,fall,2,1875,42,42,41,34454.0,2,vehicle,0.0,0.0,0.0,0.0,0.0,0.0,0.0,0.0,0.0,0.0,0.0,0.0,0.0,0.0,0.0,0.0,True
CDnet2014,fall,3,1970,36,36,33,22477.0,2,vehicle,0.0,0.0,0.0,0.0,0.0,0.0,0.0,0.0,0.0,0.0,0.0,0.0,0.0,0.0,0.0,0.0,True
CDnet2014,fall,4,2039,39,39,37,32270.0,2,vehicle,0.0,0.0,0.0,0.0,0.0,0.0,0.0,0.0,0.0,0.0,0.0,0.0,0.0,0.0,0.0,0.0,True
CDnet2014,fall,5,2262,57,57,56,13599.0,2,vehicle,0.0,0.0,0.0,0.0,0.0,0.0,0.0,0.0,0.0,0.0,0.0,0.0,0.0,0.0,0.0,0.0,True
CDnet2014,fall,6,2391,66,66,62,27234.0,7,vehicle,0.0,0.0,0.0,0.0,0.0,0.0,0.0,0.0,0.0,0.0,0.0,0.0,0.0,0.0,0.0,0.0,True
CDnet2014,fall,7,2511,57,57,56,14064.0,2,vehicle,0.0,0.0,0.0,0.0,0.0,0.0,0.0,0.0,0.0,0.0,0.0,0.0,0.0,0.0,0.0,0.0,True
CDnet2014,fall,8,2578,100,100,98,88514.0,7,vehicle,0.0,0.0,0.0,0.0,0.0,0.0,0.0,0.0,0.0,0.0,0.0,0.0,0.0,0.0,0.0,0.0,True
CDnet2014,fall,9,2761,486,486,452,27597.0,0,person,0.0,0.0,0.0,0.0,0.0,0.0,0.0,0.0,0.0,0.0,0.0,0.0,0.0,0.0,0.0,0.0,True
CDnet2014,fall,10,3524,63,63,62,18572.0,2,vehicle,0.0,0.0,0.0,0.0,0.0,0.0,0.0,0.0,0.0,0.0,0.0,0.0,0.0,0.0,0.0,0.0,True
CDnet2014,fall,11,3972,29,29,28,22356.0,2,vehicle,0.0,0.0,0.0,0.0,0.0,0.0,0.0,0.0,0.0,0.0,0.0,0.0,0.0,0.0,0.0,0.0,True
CDnet2014,fountain01,0,676,93,93,87,760.0,2,vehicle,0.0,0.0,0.0,0.0,0.0,0.0,0.0,0.0,0.0,0.0,0.0,0.0,0.0,0.0,0.0,0.0,True
CDnet2014,fountain01,1,771,3,3,2,16.0,2,vehicle,0.0,0.0,0.3333333333333333,0.5,0.6666666666666667,0.75,0.8333333333333334,0.875,0.0,0.0,0.0,0.25,0.5,0.625,0.75,0.8125,False
CDnet2014,fountain01,2,1099,73,73,73,966.0,2,vehicle,0.0,0.0,0.0,0.0,0.0,0.0,0.0,0.0,0.0,0.0,0.0,0.0,0.0,0.0,0.0,0.0,True
CDnet2014,fountain02,0,656,125,125,90,2765.0,7,vehicle,0.0,0.0,0.0,0.0,0.0,0.0,0.0,0.0,0.0,0.0,0.0,0.0,0.0,0.0,0.0,0.0,True
CDnet2014,fountain02,1,1222,75,75,51,1217.0,2,vehicle,0.0,0.0,0.0,0.0,0.0,0.0,0.0,0.0,0.0,0.0,0.0,0.0,0.0,0.0,0.0,0.0,True
CDnet2014,overpass,0,2332,637,637,581,15693.0,0,person,0.0,0.0,0.0,0.0,0.0,0.0,0.0,0.0,0.0,0.0,0.0,0.0,0.0,0.0,0.0,0.0,True
CDnet2014,abandonedBox,0,2450,2051,2051,433,1288.0,0,person,0.0,0.0,0.0,0.0,0.0,0.0,0.0,0.0,0.0,0.0,0.0,0.0,0.0,0.0,0.0,0.0,True
CDnet2014,parking,0,1106,1,1,0,1.0,-1,unmatched,1.0,1.0,1.0,1.0,1.0,1.0,1.0,1.0,0.0,0.5,0.6666666666666667,0.75,0.8333333333333334,0.875,0.9166666666666666,0.9375,False
CDnet2014,parking,1,1170,1,1,0,1.0,-1,unmatched,1.0,1.0,1.0,1.0,1.0,1.0,1.0,1.0,0.0,0.5,0.6666666666666667,0.75,0.8333333333333334,0.875,0.9166666666666666,0.9375,False
CDnet2014,parking,2,1195,2,2,0,1.0,-1,unmatched,1.0,1.0,1.0,1.0,1.0,1.0,1.0,1.0,0.0,0.0,0.3333333333333333,0.5,0.6666666666666667,0.75,0.8333333333333334,0.875,False
CDnet2014,parking,3,1306,502,502,502,499.0,2,vehicle,0.0,0.0,0.0,0.0,0.0,0.0,0.0,0.0,0.0,0.0,0.0,0.0,0.0,0.0,0.0,0.0,True
CDnet2014,parking,4,1852,79,79,79,166.0,0,person,0.0,0.0,0.0,0.0,0.0,0.0,0.0,0.0,0.0,0.0,0.0,0.0,0.0,0.0,0.0,0.0,False
CDnet2014,parking,5,2318,44,44,32,234.0,7,vehicle,0.0,0.0,0.0,0.0,0.0,0.0,0.0,0.0,0.0,0.0,0.0,0.0,0.0,0.0,0.0,0.0,False
CDnet2014,sofa,0,500,2247,2247,1892,5608.0,0,person,0.0,0.0,0.0,0.0,0.0,0.0,0.0,0.0,0.0,0.0,0.0,0.0,0.0,0.0,0.0,0.0,True
CDnet2014,streetLight,0,180,2318,2315,1759,529.0,6,vehicle,0.0,0.0,0.0,0.0,0.0,0.0,0.0,0.0,0.0,0.0,0.0,0.0,0.0,0.0,0.0,0.0,True
CDnet2014,streetLight,1,2500,14,11,1,28.0,2,vehicle,0.0,0.5,0.6666666666666667,0.75,0.8333333333333334,0.875,0.9166666666666666,0.9375,0.0,0.0,0.0,0.0,0.0,0.125,0.25,0.3125,False
CDnet2014,streetLight,2,2522,1,1,0,1.0,-1,unmatched,1.0,1.0,1.0,1.0,1.0,1.0,1.0,1.0,0.0,0.5,0.6666666666666667,0.75,0.8333333333333334,0.875,0.9166666666666666,0.9375,False
CDnet2014,streetLight,3,2527,1,1,0,1.0,-1,unmatched,1.0,1.0,1.0,1.0,1.0,1.0,1.0,1.0,0.0,0.5,0.6666666666666667,0.75,0.8333333333333334,0.875,0.9166666666666666,0.9375,False
CDnet2014,streetLight,4,2531,6,5,0,3.0,-1,unmatched,1.0,1.0,1.0,1.0,1.0,1.0,1.0,1.0,0.0,0.0,0.0,0.25,0.1666666666666666,0.375,0.5833333333333333,0.6875,False
CDnet2014,streetLight,5,2543,6,6,1,9.0,6,vehicle,0.0,0.5,0.6666666666666667,0.75,0.8333333333333334,0.875,0.9166666666666666,0.9375,0.0,0.0,0.0,0.0,0.0,0.25,0.5,0.625,False
CDnet2014,streetLight,6,2557,15,14,0,12.0,-1,unmatched,1.0,1.0,1.0,1.0,1.0,1.0,1.0,1.0,0.0,0.0,0.0,0.0,0.0,0.0,0.1666666666666666,0.3125,False
CDnet2014,streetLight,7,2585,1,1,0,1.0,-1,unmatched,1.0,1.0,1.0,1.0,1.0,1.0,1.0,1.0,0.0,0.5,0.6666666666666667,0.75,0.8333333333333334,0.875,0.9166666666666666,0.9375,False
CDnet2014,streetLight,8,2592,1,1,0,3.0,-1,unmatched,1.0,1.0,1.0,1.0,1.0,1.0,1.0,1.0,0.0,0.5,0.6666666666666667,0.75,0.8333333333333334,0.875,0.9166666666666666,0.9375,False
CDnet2014,streetLight,9,2595,15,11,0,5.0,-1,unmatched,1.0,1.0,1.0,1.0,1.0,1.0,1.0,1.0,0.0,0.0,0.0,0.0,0.0,0.125,0.25,0.3125,False
CDnet2014,streetLight,10,2614,3,3,1,3.0,6,vehicle,0.0,0.5,0.6666666666666667,0.75,0.8333333333333334,0.875,0.9166666666666666,0.9375,0.0,0.5,0.3333333333333333,0.5,0.6666666666666667,0.75,0.8333333333333334,0.875,False
CDnet2014,streetLight,11,2621,1,1,1,2.0,6,vehicle,0.0,0.5,0.6666666666666667,0.75,0.8333333333333334,0.875,0.9166666666666666,0.9375,0.0,0.5,0.6666666666666667,0.75,0.8333333333333334,0.875,0.9166666666666666,0.9375,False
CDnet2014,streetLight,12,2624,1,1,1,1.0,6,vehicle,0.0,0.5,0.6666666666666667,0.75,0.8333333333333334,0.875,0.9166666666666666,0.9375,0.0,0.5,0.6666666666666667,0.75,0.8333333333333334,0.875,0.9166666666666666,0.9375,False
CDnet2014,streetLight,13,2634,1,1,0,2.0,-1,unmatched,1.0,1.0,1.0,1.0,1.0,1.0,1.0,1.0,0.0,0.5,0.6666666666666667,0.75,0.8333333333333334,0.875,0.9166666666666666,0.9375,False
CDnet2014,streetLight,14,2637,4,3,0,7.0,-1,unmatched,1.0,1.0,1.0,1.0,1.0,1.0,1.0,1.0,0.0,0.0,0.3333333333333333,0.25,0.5,0.625,0.75,0.8125,False
CDnet2014,streetLight,15,2643,1,1,1,5.0,6,vehicle,0.0,0.5,0.6666666666666667,0.75,0.8333333333333334,0.875,0.9166666666666666,0.9375,0.0,0.5,0.6666666666666667,0.75,0.8333333333333334,0.875,0.9166666666666666,0.9375,False
CDnet2014,streetLight,16,2647,18,17,0,61.0,-1,unmatched,1.0,1.0,1.0,1.0,1.0,1.0,1.0,1.0,0.0,0.0,0.0,0.0,0.0,0.0,0.0,0.0625,False
CDnet2014,streetLight,17,2669,8,7,2,15.0,6,vehicle,0.0,0.0,0.3333333333333333,0.5,0.6666666666666667,0.75,0.8333333333333334,0.875,0.0,0.0,0.0,0.25,0.3333333333333333,0.5,0.6666666666666667,0.75,False
CDnet2014,streetLight,18,2679,2,2,1,5.0,6,vehicle,0.0,0.5,0.6666666666666667,0.75,0.8333333333333334,0.875,0.9166666666666666,0.9375,0.0,0.5,0.6666666666666667,0.75,0.8333333333333334,0.875,0.9166666666666666,0.9375,False
CDnet2014,streetLight,19,2683,9,9,5,26.0,6,vehicle,0.0,0.0,0.0,0.0,0.3333333333333333,0.375,0.5833333333333333,0.6875,0.0,0.0,0.0,0.0,0.0,0.125,0.3333333333333333,0.5,False
CDnet2014,streetLight,20,2694,13,12,0,3.0,-1,unmatched,1.0,1.0,1.0,1.0,1.0,1.0,1.0,1.0,0.0,0.0,0.0,0.0,0.0,0.125,0.0833333333333333,0.25,False
CDnet2014,streetLight,21,2709,4,3,0,1.0,-1,unmatched,1.0,1.0,1.0,1.0,1.0,1.0,1.0,1.0,0.0,0.0,0.3333333333333333,0.25,0.5,0.625,0.75,0.8125,False
CDnet2014,streetLight,22,2718,3,3,0,3.0,-1,unmatched,1.0,1.0,1.0,1.0,1.0,1.0,1.0,1.0,0.0,0.0,0.0,0.25,0.5,0.625,0.75,0.8125,False
CDnet2014,streetLight,23,2723,2,2,0,2.0,-1,unmatched,1.0,1.0,1.0,1.0,1.0,1.0,1.0,1.0,0.0,0.0,0.3333333333333333,0.5,0.6666666666666667,0.75,0.8333333333333334,0.875,False
CDnet2014,streetLight,24,2728,10,9,0,2.0,-1,unmatched,1.0,1.0,1.0,1.0,1.0,1.0,1.0,1.0,0.0,0.0,0.0,0.0,0.1666666666666666,0.125,0.25,0.4375,False
CDnet2014,streetLight,25,2740,12,9,0,3.0,-1,unmatched,1.0,1.0,1.0,1.0,1.0,1.0,1.0,1.0,0.0,0.0,0.0,0.0,0.0,0.125,0.25,0.4375,False
CDnet2014,streetLight,26,2754,6,6,0,3.0,-1,unmatched,1.0,1.0,1.0,1.0,1.0,1.0,1.0,1.0,0.0,0.0,0.0,0.0,0.0,0.25,0.5,0.625,False
CDnet2014,streetLight,27,2768,2,2,0,1.0,-1,unmatched,1.0,1.0,1.0,1.0,1.0,1.0,1.0,1.0,0.0,0.0,0.3333333333333333,0.5,0.6666666666666667,0.75,0.8333333333333334,0.875,False
CDnet2014,streetLight,28,2773,2,2,0,3.0,-1,unmatched,1.0,1.0,1.0,1.0,1.0,1.0,1.0,1.0,0.0,0.0,0.3333333333333333,0.5,0.6666666666666667,0.75,0.8333333333333334,0.875,False
CDnet2014,streetLight,29,2778,1,1,0,1.0,-1,unmatched,1.0,1.0,1.0,1.0,1.0,1.0,1.0,1.0,0.0,0.5,0.6666666666666667,0.75,0.8333333333333334,0.875,0.9166666666666666,0.9375,False
CDnet2014,streetLight,30,2782,5,4,1,2.0,6,vehicle,0.0,0.5,0.6666666666666667,0.75,0.8333333333333334,0.875,0.9166666666666666,0.9375,0.0,0.0,0.0,0.25,0.3333333333333333,0.5,0.6666666666666667,0.75,False
CDnet2014,streetLight,31,2793,3,2,0,1.0,-1,unmatched,1.0,1.0,1.0,1.0,1.0,1.0,1.0,1.0,0.0,0.5,0.3333333333333333,0.5,0.6666666666666667,0.75,0.8333333333333334,0.875,False
CDnet2014,streetLight,32,2798,1,1,0,1.0,-1,unmatched,1.0,1.0,1.0,1.0,1.0,1.0,1.0,1.0,0.0,0.5,0.6666666666666667,0.75,0.8333333333333334,0.875,0.9166666666666666,0.9375,False
CDnet2014,streetLight,33,2801,1,1,0,1.0,-1,unmatched,1.0,1.0,1.0,1.0,1.0,1.0,1.0,1.0,0.0,0.5,0.6666666666666667,0.75,0.8333333333333334,0.875,0.9166666666666666,0.9375,False
CDnet2014,streetLight,34,2805,1,1,0,1.0,-1,unmatched,1.0,1.0,1.0,1.0,1.0,1.0,1.0,1.0,0.0,0.5,0.6666666666666667,0.75,0.8333333333333334,0.875,0.9166666666666666,0.9375,False
CDnet2014,streetLight,35,2810,6,5,0,2.0,-1,unmatched,1.0,1.0,1.0,1.0,1.0,1.0,1.0,1.0,0.0,0.0,0.0,0.0,0.1666666666666666,0.375,0.5833333333333333,0.6875,False
CDnet2014,streetLight,36,2828,3,2,0,1.0,-1,unmatched,1.0,1.0,1.0,1.0,1.0,1.0,1.0,1.0,0.0,0.5,0.3333333333333333,0.5,0.6666666666666667,0.75,0.8333333333333334,0.875,False
CDnet2014,streetLight,37,2835,2,2,0,5.0,-1,unmatched,1.0,1.0,1.0,1.0,1.0,1.0,1.0,1.0,0.0,0.0,0.3333333333333333,0.5,0.6666666666666667,0.75,0.8333333333333334,0.875,False
CDnet2014,tramstop,0,1320,1881,1881,448,1782.0,2,vehicle,0.0,0.0,0.0,0.0,0.0,0.0,0.0,0.0,0.0,0.0,0.0,0.0,0.0,0.0,0.0,0.0,True
CDnet2014,winterDriveway,0,1000,413,413,406,1482.0,0,person,0.0,0.0,0.0,0.0,0.0,0.0,0.0,0.0,0.0,0.0,0.0,0.0,0.0,0.0,0.0,0.0,True
CDnet2014,winterDriveway,1,1800,697,697,622,4769.0,2,vehicle,0.0,0.0,0.0,0.0,0.0,0.0,0.0,0.0,0.0,0.0,0.0,0.0,0.0,0.0,0.0,0.0,True
CDnet2014,port_0_17fps,0,1074,15,15,0,956.0,-1,unmatched,1.0,1.0,1.0,1.0,1.0,1.0,1.0,1.0,0.0,0.0,0.0,0.0,0.0,0.0,0.0,0.0625,True
CDnet2014,port_0_17fps,1,1134,43,43,0,674.0,-1,unmatched,1.0,1.0,1.0,1.0,1.0,1.0,1.0,1.0,0.0,0.0,0.0,0.0,0.0,0.0,0.0,0.0,True
CDnet2014,port_0_17fps,2,1185,1,1,0,2.0,-1,unmatched,1.0,1.0,1.0,1.0,1.0,1.0,1.0,1.0,0.0,0.5,0.6666666666666667,0.75,0.8333333333333334,0.875,0.9166666666666666,0.9375,False
CDnet2014,port_0_17fps,3,1189,1,1,0,7.0,-1,unmatched,1.0,1.0,1.0,1.0,1.0,1.0,1.0,1.0,0.0,0.5,0.6666666666666667,0.75,0.8333333333333334,0.875,0.9166666666666666,0.9375,False
CDnet2014,port_0_17fps,4,1194,1,1,0,11.0,-1,unmatched,1.0,1.0,1.0,1.0,1.0,1.0,1.0,1.0,0.0,0.5,0.6666666666666667,0.75,0.8333333333333334,0.875,0.9166666666666666,0.9375,False
CDnet2014,port_0_17fps,5,1199,13,11,1,90.0,0,person,0.0,0.5,0.6666666666666667,0.75,0.8333333333333334,0.875,0.9166666666666666,0.9375,0.0,0.0,0.0,0.0,0.0,0.0,0.1666666666666666,0.3125,False
CDnet2014,port_0_17fps,6,1227,2,2,0,2.0,-1,unmatched,1.0,1.0,1.0,1.0,1.0,1.0,1.0,1.0,0.0,0.0,0.3333333333333333,0.5,0.6666666666666667,0.75,0.8333333333333334,0.875,False
CDnet2014,port_0_17fps,7,1231,1,1,0,3.0,-1,unmatched,1.0,1.0,1.0,1.0,1.0,1.0,1.0,1.0,0.0,0.5,0.6666666666666667,0.75,0.8333333333333334,0.875,0.9166666666666666,0.9375,False
CDnet2014,port_0_17fps,8,1234,1,1,0,11.0,-1,unmatched,1.0,1.0,1.0,1.0,1.0,1.0,1.0,1.0,0.0,0.5,0.6666666666666667,0.75,0.8333333333333334,0.875,0.9166666666666666,0.9375,False
CDnet2014,port_0_17fps,9,1242,5,5,0,59.0,-1,unmatched,1.0,1.0,1.0,1.0,1.0,1.0,1.0,1.0,0.0,0.0,0.0,0.0,0.1666666666666666,0.375,0.5833333333333333,0.6875,False
CDnet2014,port_0_17fps,10,1318,7,6,0,94.0,-1,unmatched,1.0,1.0,1.0,1.0,1.0,1.0,1.0,1.0,0.0,0.0,0.0,0.0,0.1666666666666666,0.25,0.5,0.625,False
CDnet2014,port_0_17fps,11,1350,9,7,0,71.0,-1,unmatched,1.0,1.0,1.0,1.0,1.0,1.0,1.0,1.0,0.0,0.0,0.0,0.0,0.1666666666666666,0.25,0.4166666666666666,0.5625,False
CDnet2014,port_0_17fps,12,1459,4,3,0,222.0,-1,unmatched,1.0,1.0,1.0,1.0,1.0,1.0,1.0,1.0,0.0,0.0,0.3333333333333333,0.25,0.5,0.625,0.75,0.8125,False
CDnet2014,port_0_17fps,13,1559,2,2,0,99.0,-1,unmatched,1.0,1.0,1.0,1.0,1.0,1.0,1.0,1.0,0.0,0.0,0.3333333333333333,0.5,0.6666666666666667,0.75,0.8333333333333334,0.875,False
CDnet2014,port_0_17fps,14,1695,6,6,0,533.0,-1,unmatched,1.0,1.0,1.0,1.0,1.0,1.0,1.0,1.0,0.0,0.0,0.0,0.0,0.0,0.25,0.5,0.625,True
CDnet2014,port_0_17fps,15,1851,24,21,0,133.0,-1,unmatched,1.0,1.0,1.0,1.0,1.0,1.0,1.0,1.0,0.0,0.0,0.0,0.0,0.0,0.0,0.0,0.0625,False
CDnet2014,port_0_17fps,16,1887,22,22,1,153.0,0,person,0.0,0.5,0.6666666666666667,0.75,0.8333333333333334,0.875,0.9166666666666666,0.9375,0.0,0.0,0.0,0.0,0.0,0.0,0.0,0.0,False
CDnet2014,port_0_17fps,17,1915,3,2,0,5.0,-1,unmatched,1.0,1.0,1.0,1.0,1.0,1.0,1.0,1.0,0.0,0.5,0.3333333333333333,0.5,0.6666666666666667,0.75,0.8333333333333334,0.875,False
CDnet2014,port_0_17fps,18,1922,19,19,1,467.0,0,person,0.0,0.5,0.6666666666666667,0.75,0.8333333333333334,0.875,0.9166666666666666,0.9375,0.0,0.0,0.0,0.0,0.0,0.0,0.0833333333333333,0.125,True
CDnet2014,port_0_17fps,19,1946,2,2,1,93.0,0,person,0.0,0.5,0.6666666666666667,0.75,0.8333333333333334,0.875,0.9166666666666666,0.9375,0.0,0.0,0.3333333333333333,0.5,0.6666666666666667,0.75,0.8333333333333334,0.875,False
CDnet2014,port_0_17fps,20,1962,10,10,1,102.0,8,vehicle,0.0,0.5,0.6666666666666667,0.75,0.8333333333333334,0.875,0.9166666666666666,0.9375,0.0,0.0,0.0,0.0,0.0,0.0,0.1666666666666666,0.375,False
CDnet2014,port_0_17fps,21,1977,22,22,0,843.0,-1,unmatched,1.0,1.0,1.0,1.0,1.0,1.0,1.0,1.0,0.0,0.0,0.0,0.0,0.0,0.0,0.0833333333333333,0.125,True
CDnet2014,tramCrossroad_1fps,0,401,34,34,29,9312.0,2,vehicle,0.0,0.0,0.0,0.0,0.0,0.0,0.0,0.0,0.0,0.0,0.0,0.0,0.0,0.0,0.0,0.0,True
CDnet2014,tramCrossroad_1fps,1,440,2,2,1,472.0,2,vehicle,0.0,0.5,0.6666666666666667,0.75,0.8333333333333334,0.875,0.9166666666666666,0.9375,0.0,0.0,0.3333333333333333,0.5,0.6666666666666667,0.75,0.8333333333333334,0.875,True
CDnet2014,tramCrossroad_1fps,2,445,9,9,6,1672.0,2,vehicle,0.0,0.0,0.0,0.0,0.0,0.25,0.5,0.625,0.0,0.0,0.0,0.0,0.0,0.25,0.4166666666666666,0.5625,True
CDnet2014,tramCrossroad_1fps,3,456,4,4,4,742.0,2,vehicle,0.0,0.0,0.0,0.0,0.3333333333333333,0.5,0.6666666666666667,0.75,0.0,0.0,0.0,0.0,0.3333333333333333,0.5,0.6666666666666667,0.75,True
CDnet2014,tramCrossroad_1fps,4,479,25,25,12,5141.0,2,vehicle,0.0,0.0,0.0,0.0,0.0,0.0,0.25,0.5,0.0,0.0,0.0,0.0,0.0,0.0,0.0,0.0,True
CDnet2014,tramCrossroad_1fps,5,519,27,27,24,8469.0,2,vehicle,0.0,0.0,0.0,0.0,0.0,0.0,0.0,0.0,0.0,0.0,0.0,0.0,0.0,0.0,0.0,0.0,True
CDnet2014,tramCrossroad_1fps,6,548,3,3,3,856.0,2,vehicle,0.0,0.0,0.0,0.25,0.5,0.625,0.75,0.8125,0.0,0.0,0.0,0.25,0.5,0.625,0.75,0.8125,True
CDnet2014,tramCrossroad_1fps,7,558,3,3,3,461.0,2,vehicle,0.0,0.0,0.0,0.25,0.5,0.625,0.75,0.8125,0.0,0.0,0.0,0.25,0.5,0.625,0.75,0.8125,True
CDnet2014,tramCrossroad_1fps,8,570,10,9,8,911.0,2,vehicle,0.0,0.0,0.0,0.0,0.0,0.25,0.3333333333333333,0.5,0.0,0.0,0.0,0.0,0.0,0.125,0.25,0.4375,True
CDnet2014,tramCrossroad_1fps,9,602,23,22,20,3695.0,2,vehicle,0.0,0.0,0.0,0.0,0.0,0.0,0.0,0.0,0.0,0.0,0.0,0.0,0.0,0.0,0.0,0.0,True
CDnet2014,tramCrossroad_1fps,10,640,10,10,8,1428.0,2,vehicle,0.0,0.0,0.0,0.0,0.0,0.0,0.3333333333333333,0.5,0.0,0.0,0.0,0.0,0.0,0.0,0.1666666666666666,0.375,True
CDnet2014,tunnelExit_0_35fps,0,2000,1,1,0,592.0,-1,unmatched,1.0,1.0,1.0,1.0,1.0,1.0,1.0,1.0,1.0,1.0,1.0,1.0,1.0,1.0,1.0,1.0,True
CDnet2014,tunnelExit_0_35fps,1,2004,18,16,14,10636.0,2,vehicle,0.0,0.0,0.0,0.0,0.0,0.0,0.25,0.1875,0.0,0.0,0.0,0.0,0.0,0.0,0.0833333333333333,0.0625,True
CDnet2014,tunnelExit_0_35fps,2,2026,1,1,1,328.0,2,vehicle,0.0,0.5,0.6666666666666667,0.75,0.8333333333333334,0.875,0.9166666666666666,0.9375,0.0,0.5,0.6666666666666667,0.75,0.8333333333333334,0.875,0.9166666666666666,0.9375,True
CDnet2014,tunnelExit_0_35fps,3,2029,5,4,3,3396.0,2,vehicle,0.0,0.0,0.3333333333333333,0.25,0.5,0.625,0.75,0.8125,0.0,0.0,0.3333333333333333,0.25,0.3333333333333333,0.5,0.6666666666666667,0.75,True
CDnet2014,tunnelExit_0_35fps,4,2038,20,16,15,4732.0,2,vehicle,0.0,0.0,0.0,0.0,0.0,0.0,0.1666666666666666,0.1875,0.0,0.0,0.0,0.0,0.0,0.0,0.0833333333333333,0.125,True
CDnet2014,tunnelExit_0_35fps,5,2060,2,2,1,4674.0,6,vehicle,0.0,0.5,0.6666666666666667,0.75,0.8333333333333334,0.875,0.9166666666666666,0.9375,0.0,0.0,0.3333333333333333,0.5,0.6666666666666667,0.75,0.8333333333333334,0.875,True
CDnet2014,tunnelExit_0_35fps,6,2064,4,3,3,4867.0,6,vehicle,0.0,0.0,0.3333333333333333,0.25,0.5,0.625,0.75,0.8125,0.0,0.0,0.3333333333333333,0.25,0.5,0.625,0.75,0.8125,True
CDnet2014,tunnelExit_0_35fps,7,2074,1,1,1,2031.0,2,vehicle,0.0,0.5,0.6666666666666667,0.75,0.8333333333333334,0.875,0.9166666666666666,0.9375,0.0,0.5,0.6666666666666667,0.75,0.8333333333333334,0.875,0.9166666666666666,0.9375,True
CDnet2014,tunnelExit_0_35fps,8,2079,19,15,12,5219.0,2,vehicle,0.0,0.0,0.0,0.0,0.0,0.0,0.3333333333333333,0.3125,0.0,0.0,0.0,0.0,0.0,0.0,0.1666666666666666,0.1875,True
CDnet2014,tunnelExit_0_35fps,9,2101,7,7,5,9853.0,2,vehicle,0.0,0.0,0.0,0.0,0.1666666666666666,0.375,0.5833333333333333,0.6875,0.0,0.0,0.0,0.0,0.0,0.125,0.4166666666666666,0.5625,True
CDnet2014,tunnelExit_0_35fps,10,2110,1,1,1,888.0,2,vehicle,0.0,0.5,0.6666666666666667,0.75,0.8333333333333334,0.875,0.9166666666666666,0.9375,0.0,0.5,0.6666666666666667,0.75,0.8333333333333334,0.875,0.9166666666666666,0.9375,True
CDnet2014,tunnelExit_0_35fps,11,2113,2,2,2,5020.0,2,vehicle,0.0,0.0,0.3333333333333333,0.5,0.6666666666666667,0.75,0.8333333333333334,0.875,0.0,0.0,0.3333333333333333,0.5,0.6666666666666667,0.75,0.8333333333333334,0.875,True
CDnet2014,tunnelExit_0_35fps,12,2120,27,26,16,3974.0,2,vehicle,0.0,0.0,0.0,0.0,0.0,0.125,0.0833333333333333,0.1875,0.0,0.0,0.0,0.0,0.0,0.0,0.0,0.0,True
CDnet2014,tunnelExit_0_35fps,13,2149,1,1,1,891.0,2,vehicle,0.0,0.5,0.6666666666666667,0.75,0.8333333333333334,0.875,0.9166666666666666,0.9375,0.0,0.5,0.6666666666666667,0.75,0.8333333333333334,0.875,0.9166666666666666,0.9375,True
CDnet2014,tunnelExit_0_35fps,14,2158,3,3,3,1223.0,2,vehicle,0.0,0.0,0.0,0.25,0.5,0.625,0.75,0.8125,0.0,0.0,0.0,0.25,0.5,0.625,0.75,0.8125,True
CDnet2014,tunnelExit_0_35fps,15,2166,16,16,10,9911.0,2,vehicle,0.0,0.0,0.0,0.0,0.0,0.125,0.1666666666666666,0.375,0.0,0.0,0.0,0.0,0.0,0.0,0.0,0.0,True
CDnet2014,tunnelExit_0_35fps,16,2184,6,4,2,6074.0,2,vehicle,0.0,0.5,0.3333333333333333,0.5,0.6666666666666667,0.75,0.8333333333333334,0.875,0.0,0.0,0.3333333333333333,0.0,0.3333333333333333,0.5,0.6666666666666667,0.75,True
CDnet2014,tunnelExit_0_35fps,17,2192,4,4,3,3976.0,2,vehicle,0.0,0.0,0.0,0.25,0.5,0.625,0.75,0.8125,0.0,0.0,0.0,0.0,0.3333333333333333,0.5,0.6666666666666667,0.75,True
CDnet2014,tunnelExit_0_35fps,18,2199,26,23,15,19908.0,2,vehicle,0.0,0.0,0.0,0.0,0.0,0.125,0.0,0.3125,0.0,0.0,0.0,0.0,0.0,0.0,0.0,0.0,True
CDnet2014,tunnelExit_0_35fps,19,2228,9,8,5,3431.0,2,vehicle,0.0,0.0,0.0,0.25,0.1666666666666666,0.5,0.5833333333333333,0.6875,0.0,0.0,0.0,0.0,0.0,0.125,0.3333333333333333,0.5,True
CDnet2014,tunnelExit_0_35fps,20,2241,6,5,3,3759.0,6,vehicle,0.0,0.0,0.0,0.5,0.5,0.625,0.75,0.8125,0.0,0.0,0.0,0.25,0.1666666666666666,0.375,0.5833333333333333,0.6875,True
CDnet2014,tunnelExit_0_35fps,21,2254,35,31,27,6028.0,2,vehicle,0.0,0.0,0.0,0.0,0.0,0.0,0.0,0.0,0.0,0.0,0.0,0.0,0.0,0.0,0.0,0.0,True
CDnet2014,tunnelExit_0_35fps,22,2300,2,2,2,2198.0,2,vehicle,0.0,0.0,0.3333333333333333,0.5,0.6666666666666667,0.75,0.8333333333333334,0.875,0.0,0.0,0.3333333333333333,0.5,0.6666666666666667,0.75,0.8333333333333334,0.875,True
CDnet2014,tunnelExit_0_35fps,23,2307,3,3,3,4580.0,2,vehicle,0.0,0.0,0.0,0.25,0.5,0.625,0.75,0.8125,0.0,0.0,0.0,0.25,0.5,0.625,0.75,0.8125,True
CDnet2014,tunnelExit_0_35fps,24,2313,6,6,6,3424.0,2,vehicle,0.0,0.0,0.0,0.0,0.0,0.25,0.5,0.625,0.0,0.0,0.0,0.0,0.0,0.25,0.5,0.625,True
CDnet2014,tunnelExit_0_35fps,25,2322,17,14,14,20801.0,2,vehicle,0.0,0.0,0.0,0.0,0.0,0.0,0.0833333333333333,0.1875,0.0,0.0,0.0,0.0,0.0,0.0,0.0833333333333333,0.1875,True
CDnet2014,tunnelExit_0_35fps,26,2341,574,572,334,18061.0,7,vehicle,0.0,0.0,0.0,0.0,0.0,0.0,0.0,0.0,0.0,0.0,0.0,0.0,0.0,0.0,0.0,0.0,True
CDnet2014,tunnelExit_0_35fps,27,2918,16,15,12,5991.0,2,vehicle,0.0,0.0,0.0,0.0,0.0,0.125,0.1666666666666666,0.25,0.0,0.0,0.0,0.0,0.0,0.0,0.0,0.0625,True
CDnet2014,tunnelExit_0_35fps,28,2939,1,1,1,1576.0,2,vehicle,0.0,0.5,0.6666666666666667,0.75,0.8333333333333334,0.875,0.9166666666666666,0.9375,0.0,0.5,0.6666666666666667,0.75,0.8333333333333334,0.875,0.9166666666666666,0.9375,True
CDnet2014,tunnelExit_0_35fps,29,2943,8,8,8,14239.0,2,vehicle,0.0,0.0,0.0,0.0,0.0,0.0,0.3333333333333333,0.5,0.0,0.0,0.0,0.0,0.0,0.0,0.3333333333333333,0.5,True
CDnet2014,tunnelExit_0_35fps,30,2955,4,4,4,4014.0,2,vehicle,0.0,0.0,0.0,0.0,0.3333333333333333,0.5,0.6666666666666667,0.75,0.0,0.0,0.0,0.0,0.3333333333333333,0.5,0.6666666666666667,0.75,True
CDnet2014,tunnelExit_0_35fps,31,2961,23,22,19,6304.0,2,vehicle,0.0,0.0,0.0,0.0,0.0,0.0,0.0,0.0625,0.0,0.0,0.0,0.0,0.0,0.0,0.0,0.0,True
CDnet2014,tunnelExit_0_35fps,32,2988,4,4,3,4130.0,2,vehicle,0.0,0.0,0.0,0.25,0.5,0.625,0.75,0.8125,0.0,0.0,0.0,0.0,0.3333333333333333,0.5,0.6666666666666667,0.75,True
CDnet2014,tunnelExit_0_35fps,33,2994,6,4,4,8923.0,2,vehicle,0.0,0.0,0.3333333333333333,0.0,0.3333333333333333,0.5,0.6666666666666667,0.75,0.0,0.0,0.3333333333333333,0.0,0.3333333333333333,0.5,0.6666666666666667,0.75,True
CDnet2014,turnpike_0_5fps,0,800,350,350,301,14406.0,2,vehicle,0.0,0.0,0.0,0.0,0.0,0.0,0.0,0.0,0.0,0.0,0.0,0.0,0.0,0.0,0.0,0.0,True
CDnet2014,bridgeEntry,0,1000,227,227,13,834.0,2,vehicle,0.0,0.0,0.0,0.0,0.0,0.0,0.1666666666666666,0.3125,0.0,0.0,0.0,0.0,0.0,0.0,0.0,0.0,True
CDnet2014,bridgeEntry,1,1254,496,496,123,1156.0,2,vehicle,0.0,0.0,0.0,0.0,0.0,0.0,0.0,0.0,0.0,0.0,0.0,0.0,0.0,0.0,0.0,0.0,True
CDnet2014,busyBoulvard,0,740,12,12,0,1411.0,-1,unmatched,1.0,1.0,1.0,1.0,1.0,1.0,1.0,1.0,0.0,0.0,0.0,0.5,0.3333333333333333,0.625,0.6666666666666667,0.75,True
CDnet2014,busyBoulvard,1,754,116,116,0,13246.0,-1,unmatched,1.0,1.0,1.0,1.0,1.0,1.0,1.0,1.0,0.0,0.0,0.0,0.0,0.0,0.0,0.0,0.125,True
CDnet2014,busyBoulvard,2,874,22,22,0,1817.0,-1,unmatched,1.0,1.0,1.0,1.0,1.0,1.0,1.0,1.0,0.0,0.0,0.0,0.0,0.0,0.125,0.4166666666666666,0.5625,True
CDnet2014,busyBoulvard,3,899,16,16,3,1553.0,2,vehicle,0.0,0.0,0.0,0.25,0.5,0.625,0.75,0.8125,0.0,0.0,0.0,0.25,0.3333333333333333,0.5,0.5,0.625,True
CDnet2014,busyBoulvard,4,917,15,15,0,1721.0,-1,unmatched,1.0,1.0,1.0,1.0,1.0,1.0,1.0,1.0,0.0,0.0,0.0,0.0,0.3333333333333333,0.375,0.6666666666666667,0.6875,True
CDnet2014,busyBoulvard,5,942,12,12,1,1447.0,2,vehicle,0.0,0.5,0.6666666666666667,0.75,0.8333333333333334,0.875,0.9166666666666666,0.9375,0.0,0.0,0.0,0.0,0.0,0.25,0.4166666666666666,0.5625,True
CDnet2014,busyBoulvard,6,969,25,25,1,2057.0,2,vehicle,0.0,0.5,0.6666666666666667,0.75,0.8333333333333334,0.875,0.9166666666666666,0.9375,0.0,0.0,0.3333333333333333,0.0,0.5,0.375,0.5833333333333333,0.625,True
CDnet2014,busyBoulvard,7,1140,16,16,0,1771.0,-1,unmatched,1.0,1.0,1.0,1.0,1.0,1.0,1.0,1.0,0.0,0.0,0.0,0.0,0.0,0.125,0.0833333333333333,0.3125,True
CDnet2014,busyBoulvard,8,1161,25,25,0,2141.0,-1,unmatched,1.0,1.0,1.0,1.0,1.0,1.0,1.0,1.0,0.0,0.0,0.0,0.0,0.0,0.125,0.4166666666666666,0.375,True
CDnet2014,busyBoulvard,9,1193,44,44,0,2221.0,-1,unmatched,1.0,1.0,1.0,1.0,1.0,1.0,1.0,1.0,0.0,0.0,0.0,0.0,0.1666666666666666,0.375,0.5833333333333333,0.6875,True
CDnet2014,busyBoulvard,10,1240,18,18,0,2121.0,-1,unmatched,1.0,1.0,1.0,1.0,1.0,1.0,1.0,1.0,0.0,0.0,0.0,0.25,0.1666666666666666,0.5,0.5833333333333333,0.6875,True
CDnet2014,busyBoulvard,11,1260,18,18,1,1931.0,2,vehicle,0.0,0.5,0.6666666666666667,0.75,0.8333333333333334,0.875,0.9166666666666666,0.9375,0.0,0.5,0.6666666666666667,0.75,0.8333333333333334,0.875,0.9166666666666666,0.9375,True
CDnet2014,busyBoulvard,12,1344,18,18,0,1986.0,-1,unmatched,1.0,1.0,1.0,1.0,1.0,1.0,1.0,1.0,0.0,0.0,0.0,0.0,0.1666666666666666,0.125,0.3333333333333333,0.4375,True
CDnet2014,busyBoulvard,13,1364,17,17,1,1721.0,2,vehicle,0.0,0.5,0.6666666666666667,0.75,0.8333333333333334,0.875,0.9166666666666666,0.9375,0.0,0.0,0.0,0.0,0.1666666666666666,0.25,0.4166666666666666,0.5625,True
CDnet2014,busyBoulvard,14,1541,138,138,2,3558.0,2,vehicle,0.0,0.5,0.6666666666666667,0.75,0.8333333333333334,0.875,0.9166666666666666,0.875,0.0,0.0,0.0,0.0,0.0,0.0,0.0,0.0,True
CDnet2014,busyBoulvard,15,1697,48,48,0,6855.0,-1,unmatched,1.0,1.0,1.0,1.0,1.0,1.0,1.0,1.0,0.0,0.0,0.0,0.0,0.0,0.0,0.0,0.0,True
CDnet2014,fluidHighway,0,400,254,254,53,13752.0,2,vehicle,0.0,0.0,0.0,0.0,0.0,0.0,0.0,0.0,0.0,0.0,0.0,0.0,0.0,0.0,0.0,0.0,True
CDnet2014,fluidHighway,1,674,57,57,24,3426.0,2,vehicle,0.0,0.0,0.0,0.0,0.0,0.0,0.0833333333333333,0.0625,0.0,0.0,0.0,0.0,0.0,0.0,0.0833333333333333,0.0625,True
CDnet2014,fluidHighway,2,738,39,39,0,7595.0,-1,unmatched,1.0,1.0,1.0,1.0,1.0,1.0,1.0,1.0,1.0,1.0,1.0,1.0,1.0,1.0,1.0,1.0,True
CDnet2014,fluidHighway,3,786,96,96,49,8919.0,2,vehicle,0.0,0.0,0.0,0.0,0.0,0.0,0.0,0.0,0.0,0.0,0.0,0.0,0.0,0.0,0.0,0.0,True
CDnet2014,streetCornerAtNight,0,857,177,177,87,4196.0,2,vehicle,0.0,0.0,0.0,0.0,0.0,0.0,0.0,0.0,0.0,0.0,0.0,0.0,0.0,0.0,0.0,0.0,True
CDnet2014,streetCornerAtNight,1,1123,46,46,4,3189.0,2,vehicle,0.0,0.0,0.0,0.5,0.3333333333333333,0.625,0.6666666666666667,0.75,0.0,0.0,0.0,0.25,0.1666666666666666,0.5,0.5833333333333333,0.6875,True
CDnet2014,streetCornerAtNight,2,1217,150,150,30,2879.0,2,vehicle,0.0,0.0,0.0,0.0,0.0,0.0,0.0833333333333333,0.0,0.0,0.0,0.0,0.0,0.0,0.0,0.0,0.0,True
CDnet2014,streetCornerAtNight,3,1496,59,59,32,29622.0,2,vehicle,0.0,0.0,0.0,0.0,0.0,0.0,0.0,0.0,0.0,0.0,0.0,0.0,0.0,0.0,0.0,0.0,True
CDnet2014,streetCornerAtNight,4,1651,50,50,12,6730.0,2,vehicle,0.0,0.0,0.0,0.0,0.0,0.0,0.0833333333333333,0.25,0.0,0.0,0.0,0.0,0.0,0.0,0.0833333333333333,0.25,True
CDnet2014,streetCornerAtNight,5,1763,60,60,21,6384.0,2,vehicle,0.0,0.0,0.0,0.0,0.0,0.0,0.0,0.0625,0.0,0.0,0.0,0.0,0.0,0.0,0.0,0.0625,True
CDnet2014,streetCornerAtNight,6,2429,196,195,50,3751.0,2,vehicle,0.0,0.0,0.0,0.0,0.0,0.0,0.0,0.0,0.0,0.0,0.0,0.0,0.0,0.0,0.0,0.0,True
CDnet2014,streetCornerAtNight,7,2656,36,36,0,1460.0,-1,unmatched,1.0,1.0,1.0,1.0,1.0,1.0,1.0,1.0,1.0,1.0,1.0,1.0,1.0,1.0,1.0,1.0,True
CDnet2014,streetCornerAtNight,8,2738,161,161,53,6251.0,2,vehicle,0.0,0.0,0.0,0.0,0.0,0.0,0.0,0.0,0.0,0.0,0.0,0.0,0.0,0.0,0.0,0.0,True
CDnet2014,streetCornerAtNight,9,2909,57,57,4,3907.0,2,vehicle,0.0,0.0,0.0,0.25,0.3333333333333333,0.5,0.6666666666666667,0.75,0.0,0.0,0.0,0.25,0.3333333333333333,0.5,0.6666666666666667,0.75,True
CDnet2014,streetCornerAtNight,10,2970,30,30,24,5011.0,2,vehicle,0.0,0.0,0.0,0.0,0.0,0.0,0.0,0.0,0.0,0.0,0.0,0.0,0.0,0.0,0.0,0.0,True
CDnet2014,tramStation,0,500,27,27,17,1127.0,2,vehicle,0.0,0.0,0.0,0.0,0.0,0.0,0.1666666666666666,0.1875,0.0,0.0,0.0,0.0,0.0,0.0,0.0,0.0,True
CDnet2014,tramStation,1,580,208,208,113,7180.0,2,vehicle,0.0,0.0,0.0,0.0,0.0,0.0,0.0,0.0,0.0,0.0,0.0,0.0,0.0,0.0,0.0,0.0,True
CDnet2014,tramStation,2,859,891,891,469,5625.0,2,vehicle,0.0,0.0,0.0,0.0,0.0,0.0,0.0,0.0,0.0,0.0,0.0,0.0,0.0,0.0,0.0,0.0,True
CDnet2014,winterStreet,0,900,192,192,152,8755.0,2,vehicle,0.0,0.0,0.0,0.0,0.0,0.0,0.0,0.0,0.0,0.0,0.0,0.0,0.0,0.0,0.0,0.0,True
CDnet2014,winterStreet,1,1129,39,39,0,9717.0,-1,unmatched,1.0,1.0,1.0,1.0,1.0,1.0,1.0,1.0,0.0,0.0,0.0,0.0,0.0,0.0,0.0,0.0625,True
CDnet2014,winterStreet,2,1171,169,169,58,14813.0,2,vehicle,0.0,0.0,0.0,0.0,0.0,0.0,0.0,0.0,0.0,0.0,0.0,0.0,0.0,0.0,0.0,0.0,True
CDnet2014,backdoor,0,1360,198,198,188,4117.0,0,person,0.0,0.0,0.0,0.0,0.0,0.0,0.0,0.0,0.0,0.0,0.0,0.0,0.0,0.0,0.0,0.0,True
CDnet2014,backdoor,1,1630,364,364,354,6458.0,0,person,0.0,0.0,0.0,0.0,0.0,0.0,0.0,0.0,0.0,0.0,0.0,0.0,0.0,0.0,0.0,0.0,True
CDnet2014,bungalows,0,348,61,61,57,33334.0,2,vehicle,0.0,0.0,0.0,0.0,0.0,0.0,0.0,0.0,0.0,0.0,0.0,0.0,0.0,0.0,0.0,0.0,True
CDnet2014,bungalows,1,456,42,42,41,37738.0,7,vehicle,0.0,0.0,0.0,0.0,0.0,0.0,0.0,0.0,0.0,0.0,0.0,0.0,0.0,0.0,0.0,0.0,True
CDnet2014,bungalows,2,638,35,35,34,30611.0,2,vehicle,0.0,0.0,0.0,0.0,0.0,0.0,0.0,0.0,0.0,0.0,0.0,0.0,0.0,0.0,0.0,0.0,True
CDnet2014,bungalows,3,705,33,33,32,27715.0,2,vehicle,0.0,0.0,0.0,0.0,0.0,0.0,0.0,0.0,0.0,0.0,0.0,0.0,0.0,0.0,0.0,0.0,True
CDnet2014,bungalows,4,827,38,38,38,10066.0,2,vehicle,0.0,0.0,0.0,0.0,0.0,0.0,0.0,0.0,0.0,0.0,0.0,0.0,0.0,0.0,0.0,0.0,True
CDnet2014,bungalows,5,900,60,60,58,36270.0,2,vehicle,0.0,0.0,0.0,0.0,0.0,0.0,0.0,0.0,0.0,0.0,0.0,0.0,0.0,0.0,0.0,0.0,True
CDnet2014,bungalows,6,1027,43,43,42,10093.0,2,vehicle,0.0,0.0,0.0,0.0,0.0,0.0,0.0,0.0,0.0,0.0,0.0,0.0,0.0,0.0,0.0,0.0,True
CDnet2014,bungalows,7,1075,42,42,41,9262.0,2,vehicle,0.0,0.0,0.0,0.0,0.0,0.0,0.0,0.0,0.0,0.0,0.0,0.0,0.0,0.0,0.0,0.0,True
CDnet2014,bungalows,8,1152,68,68,63,33743.0,7,vehicle,0.0,0.0,0.0,0.0,0.0,0.0,0.0,0.0,0.0,0.0,0.0,0.0,0.0,0.0,0.0,0.0,True
CDnet2014,bungalows,9,1322,42,42,42,10514.0,2,vehicle,0.0,0.0,0.0,0.0,0.0,0.0,0.0,0.0,0.0,0.0,0.0,0.0,0.0,0.0,0.0,0.0,True
CDnet2014,bungalows,10,1412,38,38,37,11089.0,2,vehicle,0.0,0.0,0.0,0.0,0.0,0.0,0.0,0.0,0.0,0.0,0.0,0.0,0.0,0.0,0.0,0.0,True
CDnet2014,bungalows,11,1507,43,43,40,38440.0,2,vehicle,0.0,0.0,0.0,0.0,0.0,0.0,0.0,0.0,0.0,0.0,0.0,0.0,0.0,0.0,0.0,0.0,True
CDnet2014,bungalows,12,1651,37,37,37,29821.0,2,vehicle,0.0,0.0,0.0,0.0,0.0,0.0,0.0,0.0,0.0,0.0,0.0,0.0,0.0,0.0,0.0,0.0,True
CDnet2014,busStation,0,300,845,845,840,5827.0,0,person,0.0,0.0,0.0,0.0,0.0,0.0,0.0,0.0,0.0,0.0,0.0,0.0,0.0,0.0,0.0,0.0,True
CDnet2014,copyMachine,0,500,892,892,883,38582.0,0,person,0.0,0.0,0.0,0.0,0.0,0.0,0.0,0.0,0.0,0.0,0.0,0.0,0.0,0.0,0.0,0.0,True
CDnet2014,copyMachine,1,1428,943,943,910,34964.0,0,person,0.0,0.0,0.0,0.0,0.0,0.0,0.0,0.0,0.0,0.0,0.0,0.0,0.0,0.0,0.0,0.0,True
CDnet2014,copyMachine,2,2384,480,480,425,37508.0,0,person,0.0,0.0,0.0,0.0,0.0,0.0,0.0,0.0,0.0,0.0,0.0,0.0,0.0,0.0,0.0,0.0,True
CDnet2014,copyMachine,3,2898,503,503,470,23207.0,0,person,0.0,0.0,0.0,0.0,0.0,0.0,0.0,0.0,0.0,0.0,0.0,0.0,0.0,0.0,0.0,0.0,True
CDnet2014,cubicle,0,1132,271,271,259,10049.0,0,person,0.0,0.0,0.0,0.0,0.0,0.0,0.0,0.0,0.0,0.0,0.0,0.0,0.0,0.0,0.0,0.0,True
CDnet2014,cubicle,1,1560,250,250,237,8926.0,0,person,0.0,0.0,0.0,0.0,0.0,0.0,0.0,0.0,0.0,0.0,0.0,0.0,0.0,0.0,0.0,0.0,True
CDnet2014,cubicle,2,1952,232,232,225,2264.0,0,person,0.0,0.0,0.0,0.0,0.0,0.0,0.0,0.0,0.0,0.0,0.0,0.0,0.0,0.0,0.0,0.0,True
CDnet2014,cubicle,3,2186,1,1,0,3.0,-1,unmatched,1.0,1.0,1.0,1.0,1.0,1.0,1.0,1.0,0.0,0.5,0.6666666666666667,0.75,0.8333333333333334,0.875,0.9166666666666666,0.9375,False
CDnet2014,cubicle,4,2296,260,260,245,8671.0,0,person,0.0,0.0,0.0,0.0,0.0,0.0,0.0,0.0,0.0,0.0,0.0,0.0,0.0,0.0,0.0,0.0,True
CDnet2014,cubicle,5,2743,251,251,242,10471.0,0,person,0.0,0.0,0.0,0.0,0.0,0.0,0.0,0.0,0.0,0.0,0.0,0.0,0.0,0.0,0.0,0.0,True
CDnet2014,cubicle,6,3265,43,43,33,356.0,0,person,0.0,0.0,0.0,0.0,0.0,0.0,0.0,0.0,0.0,0.0,0.0,0.0,0.0,0.0,0.0,0.0,True
CDnet2014,cubicle,7,3350,316,316,291,8105.0,0,person,0.0,0.0,0.0,0.0,0.0,0.0,0.0,0.0,0.0,0.0,0.0,0.0,0.0,0.0,0.0,0.0,True
CDnet2014,cubicle,8,4956,237,237,214,7241.0,0,person,0.0,0.0,0.0,0.0,0.0,0.0,0.0,0.0,0.0,0.0,0.0,0.0,0.0,0.0,0.0,0.0,True
CDnet2014,cubicle,9,5375,439,439,368,13188.0,0,person,0.0,0.0,0.0,0.0,0.0,0.0,0.0,0.0,0.0,0.0,0.0,0.0,0.0,0.0,0.0,0.0,True
CDnet2014,cubicle,10,5896,333,332,297,13294.0,0,person,0.0,0.0,0.0,0.0,0.0,0.0,0.0,0.0,0.0,0.0,0.0,0.0,0.0,0.0,0.0,0.0,True
CDnet2014,cubicle,11,6311,327,327,304,9442.0,0,person,0.0,0.0,0.0,0.0,0.0,0.0,0.0,0.0,0.0,0.0,0.0,0.0,0.0,0.0,0.0,0.0,True
CDnet2014,cubicle,12,6927,251,251,243,13770.0,0,person,0.0,0.0,0.0,0.0,0.0,0.0,0.0,0.0,0.0,0.0,0.0,0.0,0.0,0.0,0.0,0.0,True
CDnet2014,peopleInShade,0,285,86,86,79,13260.0,0,person,0.0,0.0,0.0,0.0,0.0,0.0,0.0,0.0,0.0,0.0,0.0,0.0,0.0,0.0,0.0,0.0,True
CDnet2014,peopleInShade,1,435,74,74,70,6527.0,0,person,0.0,0.0,0.0,0.0,0.0,0.0,0.0,0.0,0.0,0.0,0.0,0.0,0.0,0.0,0.0,0.0,True
CDnet2014,peopleInShade,2,574,234,234,230,10875.0,0,person,0.0,0.0,0.0,0.0,0.0,0.0,0.0,0.0,0.0,0.0,0.0,0.0,0.0,0.0,0.0,0.0,True
CDnet2014,peopleInShade,3,826,154,154,137,9575.0,0,person,0.0,0.0,0.0,0.0,0.0,0.0,0.0,0.0,0.0,0.0,0.0,0.0,0.0,0.0,0.0,0.0,True
CDnet2014,peopleInShade,4,1057,63,63,62,10522.0,0,person,0.0,0.0,0.0,0.0,0.0,0.0,0.0,0.0,0.0,0.0,0.0,0.0,0.0,0.0,0.0,0.0,True
CDnet2014,corridor,0,569,1503,1503,1402,26218.0,0,person,0.0,0.0,0.0,0.0,0.0,0.0,0.0,0.0,0.0,0.0,0.0,0.0,0.0,0.0,0.0,0.0,True
CDnet2014,corridor,1,2319,3082,3082,952,19166.0,0,person,0.0,0.0,0.0,0.0,0.0,0.0,0.0,0.0,0.0,0.0,0.0,0.0,0.0,0.0,0.0,0.0,True
CDnet2014,diningRoom,0,719,2982,2982,2705,10730.0,0,person,0.0,0.0,0.0,0.0,0.0,0.0,0.0,0.0,0.0,0.0,0.0,0.0,0.0,0.0,0.0,0.0,True
CDnet2014,lakeSide,0,1041,4533,4532,3271,4812.0,0,person,0.0,0.0,0.0,0.0,0.0,0.0,0.0,0.0,0.0,0.0,0.0,0.0,0.0,0.0,0.0,0.0,True
CDnet2014,lakeSide,1,5657,844,844,67,805.0,0,person,0.0,0.0,0.0,0.0,0.0,0.0,0.0,0.0,0.0,0.0,0.0,0.0,0.0,0.0,0.0,0.0,True
CDnet2014,library,0,857,3628,3628,3606,31046.0,0,person,0.0,0.0,0.0,0.0,0.0,0.0,0.0,0.0,0.0,0.0,0.0,0.0,0.0,0.0,0.0,0.0,True
CDnet2014,park,0,250,164,164,136,5049.0,0,person,0.0,0.0,0.0,0.0,0.0,0.0,0.0,0.0,0.0,0.0,0.0,0.0,0.0,0.0,0.0,0.0,True
CDnet2014,park,1,445,138,138,89,1440.0,0,person,0.0,0.0,0.0,0.0,0.0,0.0,0.0,0.0,0.0,0.0,0.0,0.0,0.0,0.0,0.0,0.0,True
CDnet2014,turbulence0,0,1000,14,14,0,161.0,-1,unmatched,1.0,1.0,1.0,1.0,1.0,1.0,1.0,1.0,0.0,0.5,0.6666666666666667,0.75,0.8333333333333334,0.875,0.9166666666666666,0.9375,False
CDnet2014,turbulence0,1,1317,233,233,0,227.0,-1,unmatched,1.0,1.0,1.0,1.0,1.0,1.0,1.0,1.0,1.0,1.0,1.0,1.0,1.0,1.0,1.0,1.0,False
CDnet2014,turbulence0,2,1608,987,987,342,1776.0,8,vehicle,0.0,0.0,0.0,0.0,0.0,0.0,0.0,0.0,0.0,0.0,0.0,0.0,0.0,0.0,0.0,0.0,True
CDnet2014,turbulence0,3,2875,125,125,0,148.0,-1,unmatched,1.0,1.0,1.0,1.0,1.0,1.0,1.0,1.0,0.0,0.0,0.0,0.0,0.0,0.375,0.3333333333333333,0.5625,False
CDnet2014,turbulence1,0,1200,1400,1400,32,2306.0,8,vehicle,0.0,0.0,0.0,0.0,0.0,0.0,0.0,0.125,0.0,0.0,0.0,0.0,0.0,0.0,0.0,0.0,True
CDnet2014,turbulence2,0,591,130,130,0,355.0,-1,unmatched,1.0,1.0,1.0,1.0,1.0,1.0,1.0,1.0,1.0,1.0,1.0,1.0,1.0,1.0,1.0,1.0,True
CDnet2014,turbulence2,1,921,165,165,2,353.0,0,person,0.0,0.0,0.3333333333333333,0.5,0.6666666666666667,0.75,0.8333333333333334,0.875,0.0,0.0,0.3333333333333333,0.25,0.5,0.625,0.75,0.75,True
CDnet2014,turbulence2,2,1332,115,115,1,315.0,0,person,0.0,0.5,0.6666666666666667,0.75,0.8333333333333334,0.875,0.9166666666666666,0.9375,0.0,0.0,0.3333333333333333,0.5,0.6666666666666667,0.75,0.8333333333333334,0.875,True
CDnet2014,turbulence2,3,2283,217,217,0,339.0,-1,unmatched,1.0,1.0,1.0,1.0,1.0,1.0,1.0,1.0,1.0,1.0,1.0,1.0,1.0,1.0,1.0,1.0,True
CDnet2014,turbulence3,0,805,38,38,0,836.0,-1,unmatched,1.0,1.0,1.0,1.0,1.0,1.0,1.0,1.0,1.0,1.0,1.0,1.0,1.0,1.0,1.0,1.0,True
CDnet2014,turbulence3,1,864,36,36,0,2741.0,-1,unmatched,1.0,1.0,1.0,1.0,1.0,1.0,1.0,1.0,1.0,1.0,1.0,1.0,1.0,1.0,1.0,1.0,True
CDnet2014,turbulence3,2,902,116,116,10,16395.0,8,vehicle,0.0,0.0,0.0,0.25,0.1666666666666666,0.25,0.5,0.5,0.0,0.0,0.0,0.0,0.0,0.125,0.1666666666666666,0.1875,True
CDnet2014,turbulence3,3,1094,139,139,24,6918.0,8,vehicle,0.0,0.0,0.0,0.0,0.0,0.0,0.0833333333333333,0.0625,0.0,0.0,0.0,0.0,0.0,0.0,0.0833333333333333,0.0,True
CDnet2014,turbulence3,4,1241,162,162,54,28974.0,8,vehicle,0.0,0.0,0.0,0.0,0.0,0.0,0.0,0.0,0.0,0.0,0.0,0.0,0.0,0.0,0.0,0.0,True
CDnet2014,turbulence3,5,1448,50,50,1,5833.0,8,vehicle,0.0,0.5,0.6666666666666667,0.75,0.8333333333333334,0.875,0.9166666666666666,0.9375,0.0,0.5,0.6666666666666667,0.75,0.8333333333333334,0.875,0.9166666666666666,0.9375,True
BMC,synth1/111,0,271,1229,1229,1061,9209.0,2,vehicle,0.0,0.0,0.0,0.0,0.0,0.0,0.0,0.0,,,,,,,,,True
BMC,synth1/112,0,1,215,215,184,8889.0,2,vehicle,0.0,0.0,0.0,0.0,0.0,0.0,0.0,0.0,,,,,,,,,True
BMC,synth1/112,1,285,304,304,286,8600.0,2,vehicle,0.0,0.0,0.0,0.0,0.0,0.0,0.0,0.0,,,,,,,,,True
BMC,synth1/112,2,592,911,910,709,8763.0,2,vehicle,0.0,0.0,0.0,0.0,0.0,0.0,0.0,0.0,,,,,,,,,True
BMC,synth1/121,0,253,1247,1247,1174,12586.0,2,vehicle,0.0,0.0,0.0,0.0,0.0,0.0,0.0,0.0,,,,,,,,,True
BMC,synth1/122,0,1,1503,1503,1455,11728.0,2,vehicle,0.0,0.0,0.0,0.0,0.0,0.0,0.0,0.0,,,,,,,,,True
BMC,synth1/211,0,271,1229,1229,1036,9209.0,2,vehicle,0.0,0.0,0.0,0.0,0.0,0.0,0.0,0.0,,,,,,,,,True
BMC,synth1/212,0,1,215,215,184,8915.0,2,vehicle,0.0,0.0,0.0,0.0,0.0,0.0,0.0,0.0,,,,,,,,,True
BMC,synth1/212,1,284,304,304,282,8532.0,2,vehicle,0.0,0.0,0.0,0.0,0.0,0.0,0.0,0.0,,,,,,,,,True
BMC,synth1/212,2,590,910,909,675,8693.0,2,vehicle,0.0,0.0,0.0,0.0,0.0,0.0,0.0,0.0,,,,,,,,,True
BMC,synth1/221,0,253,1247,1247,1185,12586.0,2,vehicle,0.0,0.0,0.0,0.0,0.0,0.0,0.0,0.0,,,,,,,,,True
BMC,synth1/222,0,1,1499,1499,1432,11804.0,2,vehicle,0.0,0.0,0.0,0.0,0.0,0.0,0.0,0.0,,,,,,,,,True
BMC,synth1/311,0,271,1229,1229,960,9209.0,2,vehicle,0.0,0.0,0.0,0.0,0.0,0.0,0.0,0.0,,,,,,,,,True
BMC,synth1/312,0,1,215,215,146,8915.0,2,vehicle,0.0,0.0,0.0,0.0,0.0,0.0,0.0,0.0,,,,,,,,,True
BMC,synth1/312,1,284,304,304,271,8532.0,2,vehicle,0.0,0.0,0.0,0.0,0.0,0.0,0.0,0.0,,,,,,,,,True
BMC,synth1/312,2,590,910,909,628,8693.0,2,vehicle,0.0,0.0,0.0,0.0,0.0,0.0,0.0,0.0,,,,,,,,,True
BMC,synth2/321,0,253,1247,1247,1054,12586.0,2,vehicle,0.0,0.0,0.0,0.0,0.0,0.0,0.0,0.0,,,,,,,,,True
BMC,synth2/322,0,1,1501,1501,1272,11775.0,2,vehicle,0.0,0.0,0.0,0.0,0.0,0.0,0.0,0.0,,,,,,,,,True
BMC,synth2/411,0,271,1229,1229,644,9209.0,2,vehicle,0.0,0.0,0.0,0.0,0.0,0.0,0.0,0.0,,,,,,,,,True
BMC,synth2/412,0,1,215,215,178,8915.0,2,vehicle,0.0,0.0,0.0,0.0,0.0,0.0,0.0,0.0,,,,,,,,,True
BMC,synth2/412,1,284,304,304,279,8532.0,2,vehicle,0.0,0.0,0.0,0.0,0.0,0.0,0.0,0.0,,,,,,,,,True
BMC,synth2/412,2,590,910,909,562,8693.0,2,vehicle,0.0,0.0,0.0,0.0,0.0,0.0,0.0,0.0,,,,,,,,,True
BMC,synth2/421,0,253,1247,1247,861,12586.0,2,vehicle,0.0,0.0,0.0,0.0,0.0,0.0,0.0,0.0,,,,,,,,,True
BMC,synth2/422,0,1,1499,1499,1320,11804.0,2,vehicle,0.0,0.0,0.0,0.0,0.0,0.0,0.0,0.0,,,,,,,,,True
BMC,synth2/511,0,271,880,880,732,9209.0,2,vehicle,0.0,0.0,0.0,0.0,0.0,0.0,0.0,0.0,,,,,,,,,True
BMC,synth2/511,1,1153,2,2,0,1.0,-1,unmatched,1.0,1.0,1.0,1.0,1.0,1.0,1.0,1.0,,,,,,,,,False
BMC,synth2/511,2,1161,339,339,296,7892.0,2,vehicle,0.0,0.0,0.0,0.0,0.0,0.0,0.0,0.0,,,,,,,,,True
BMC,synth2/512,0,1,215,215,184,8915.0,2,vehicle,0.0,0.0,0.0,0.0,0.0,0.0,0.0,0.0,,,,,,,,,True
BMC,synth2/512,1,284,1216,1215,942,8693.0,2,vehicle,0.0,0.0,0.0,0.0,0.0,0.0,0.0,0.0,,,,,,,,,True
BMC,synth2/521,0,255,1247,1247,1169,12563.0,2,vehicle,0.0,0.0,0.0,0.0,0.0,0.0,0.0,0.0,,,,,,,,,True
BMC,synth2/522,0,1,1499,1499,1435,11804.0,2,vehicle,0.0,0.0,0.0,0.0,0.0,0.0,0.0,0.0,,,,,,,,,True
LASIESTA,I_BS_01,0,1,183,183,174,4286.0,0,person,0.0,0.0,0.0,0.0,0.0,0.0,0.0,0.0,,,,,,,,,True
LASIESTA,I_BS_02,0,1,162,162,159,1356.0,0,person,0.0,0.0,0.0,0.0,0.0,0.0,0.0,0.0,,,,,,,,,True
LASIESTA,I_CA_01,0,83,256,256,250,9907.0,0,person,0.0,0.0,0.0,0.0,0.0,0.0,0.0,0.0,,,,,,,,,True
LASIESTA,I_CA_02,0,177,325,325,317,16690.0,0,person,0.0,0.0,0.0,0.0,0.0,0.0,0.0,0.0,,,,,,,,,True
LASIESTA,I_IL_01,0,97,102,102,95,8396.0,0,person,0.0,0.0,0.0,0.0,0.0,0.0,0.0,0.0,,,,,,,,,True
LASIESTA,I_IL_02,0,63,327,327,319,15027.0,0,person,0.0,0.0,0.0,0.0,0.0,0.0,0.0,0.0,,,,,,,,,True
LASIESTA,I_MB_01,0,95,356,356,351,18710.0,24,other,0.0,0.0,0.0,0.0,0.0,0.0,0.0,0.0,,,,,,,,,True
LASIESTA,I_MB_02,0,81,224,224,213,7839.0,0,person,0.0,0.0,0.0,0.0,0.0,0.0,0.0,0.0,,,,,,,,,True
LASIESTA,I_MC_01,0,141,128,128,124,4632.0,0,person,0.0,0.0,0.0,0.0,0.0,0.0,0.0,0.0,,,,,,,,,True
LASIESTA,I_MC_02,0,147,102,102,101,4238.0,0,person,0.0,0.0,0.0,0.0,0.0,0.0,0.0,0.0,,,,,,,,,True
LASIESTA,I_OC_01,0,89,82,82,73,1732.0,0,person,0.0,0.0,0.0,0.0,0.0,0.0,0.0,0.0,,,,,,,,,True
LASIESTA,I_OC_01,1,190,57,57,37,1610.0,0,person,0.0,0.0,0.0,0.0,0.0,0.0,0.0,0.0,,,,,,,,,True
LASIESTA,I_OC_02,0,85,53,53,49,15192.0,0,person,0.0,0.0,0.0,0.0,0.0,0.0,0.0,0.0,,,,,,,,,True
LASIESTA,I_OC_02,1,160,91,91,89,6198.0,0,person,0.0,0.0,0.0,0.0,0.0,0.0,0.0,0.0,,,,,,,,,True
LASIESTA,I_SI_01,0,76,64,64,63,10318.0,0,person,0.0,0.0,0.0,0.0,0.0,0.0,0.0,0.0,,,,,,,,,True
LASIESTA,I_SI_01,1,153,76,76,70,8704.0,0,person,0.0,0.0,0.0,0.0,0.0,0.0,0.0,0.0,,,,,,,,,True
LASIESTA,I_SI_01,2,232,69,69,66,7569.0,0,person,0.0,0.0,0.0,0.0,0.0,0.0,0.0,0.0,,,,,,,,,True
LASIESTA,I_SI_02,0,76,206,206,198,4965.0,0,person,0.0,0.0,0.0,0.0,0.0,0.0,0.0,0.0,,,,,,,,,True
LASIESTA,I_SM_01,0,51,70,70,67,15011.0,0,person,0.0,0.0,0.0,0.0,0.0,0.0,0.0,0.0,,,,,,,,,True
LASIESTA,I_SM_01,1,143,58,58,54,15725.0,0,person,0.0,0.0,0.0,0.0,0.0,0.0,0.0,0.0,,,,,,,,,True
LASIESTA,I_SM_01,2,242,59,59,57,13265.0,0,person,0.0,0.0,0.0,0.0,0.0,0.0,0.0,0.0,,,,,,,,,True
LASIESTA,I_SM_02,0,51,78,78,75,16863.0,0,person,0.0,0.0,0.0,0.0,0.0,0.0,0.0,0.0,,,,,,,,,True
LASIESTA,I_SM_02,1,146,155,155,153,15159.0,0,person,0.0,0.0,0.0,0.0,0.0,0.0,0.0,0.0,,,,,,,,,True
LASIESTA,I_SM_03,0,51,84,84,81,17902.0,0,person,0.0,0.0,0.0,0.0,0.0,0.0,0.0,0.0,,,,,,,,,True
LASIESTA,I_SM_03,1,150,151,151,150,14377.0,0,person,0.0,0.0,0.0,0.0,0.0,0.0,0.0,0.0,,,,,,,,,True
LASIESTA,I_SM_04,0,74,56,56,54,12659.0,0,person,0.0,0.0,0.0,0.0,0.0,0.0,0.0,0.0,,,,,,,,,True
LASIESTA,I_SM_04,1,150,61,61,53,11560.0,0,person,0.0,0.0,0.0,0.0,0.0,0.0,0.0,0.0,,,,,,,,,True
LASIESTA,I_SM_04,2,243,58,58,54,10121.0,0,person,0.0,0.0,0.0,0.0,0.0,0.0,0.0,0.0,,,,,,,,,True
LASIESTA,I_SM_05,0,74,56,56,54,12443.0,0,person,0.0,0.0,0.0,0.0,0.0,0.0,0.0,0.0,,,,,,,,,True
LASIESTA,I_SM_05,1,150,61,61,53,11511.0,0,person,0.0,0.0,0.0,0.0,0.0,0.0,0.0,0.0,,,,,,,,,True
LASIESTA,I_SM_05,2,243,58,58,55,10029.0,0,person,0.0,0.0,0.0,0.0,0.0,0.0,0.0,0.0,,,,,,,,,True
LASIESTA,I_SM_06,0,74,56,56,54,12495.0,0,person,0.0,0.0,0.0,0.0,0.0,0.0,0.0,0.0,,,,,,,,,True
LASIESTA,I_SM_06,1,150,61,61,52,11426.0,0,person,0.0,0.0,0.0,0.0,0.0,0.0,0.0,0.0,,,,,,,,,True
LASIESTA,I_SM_06,2,243,58,58,52,10005.0,0,person,0.0,0.0,0.0,0.0,0.0,0.0,0.0,0.0,,,,,,,,,True
LASIESTA,I_SM_07,0,74,56,56,54,12803.0,0,person,0.0,0.0,0.0,0.0,0.0,0.0,0.0,0.0,,,,,,,,,True
LASIESTA,I_SM_07,1,150,61,61,54,11573.0,0,person,0.0,0.0,0.0,0.0,0.0,0.0,0.0,0.0,,,,,,,,,True
LASIESTA,I_SM_07,2,243,58,58,53,10193.0,0,person,0.0,0.0,0.0,0.0,0.0,0.0,0.0,0.0,,,,,,,,,True
LASIESTA,I_SM_08,0,73,57,57,54,12499.0,0,person,0.0,0.0,0.0,0.0,0.0,0.0,0.0,0.0,,,,,,,,,True
LASIESTA,I_SM_08,1,150,61,61,51,11674.0,0,person,0.0,0.0,0.0,0.0,0.0,0.0,0.0,0.0,,,,,,,,,True
LASIESTA,I_SM_08,2,243,58,58,53,9941.0,0,person,0.0,0.0,0.0,0.0,0.0,0.0,0.0,0.0,,,,,,,,,True
LASIESTA,I_SM_09,0,74,56,56,53,12602.0,0,person,0.0,0.0,0.0,0.0,0.0,0.0,0.0,0.0,,,,,,,,,True
LASIESTA,I_SM_09,1,150,61,61,53,11598.0,0,person,0.0,0.0,0.0,0.0,0.0,0.0,0.0,0.0,,,,,,,,,True
LASIESTA,I_SM_09,2,243,58,58,54,10044.0,0,person,0.0,0.0,0.0,0.0,0.0,0.0,0.0,0.0,,,,,,,,,True
LASIESTA,I_SM_10,0,74,56,56,53,12715.0,0,person,0.0,0.0,0.0,0.0,0.0,0.0,0.0,0.0,,,,,,,,,True
LASIESTA,I_SM_10,1,150,62,62,52,11772.0,0,person,0.0,0.0,0.0,0.0,0.0,0.0,0.0,0.0,,,,,,,,,True
LASIESTA,I_SM_10,2,243,58,58,53,10215.0,0,person,0.0,0.0,0.0,0.0,0.0,0.0,0.0,0.0,,,,,,,,,True
LASIESTA,I_SM_11,0,74,56,56,54,12555.0,0,person,0.0,0.0,0.0,0.0,0.0,0.0,0.0,0.0,,,,,,,,,True
LASIESTA,I_SM_11,1,149,62,62,51,11583.0,0,person,0.0,0.0,0.0,0.0,0.0,0.0,0.0,0.0,,,,,,,,,True
LASIESTA,I_SM_11,2,243,58,58,54,10141.0,0,person,0.0,0.0,0.0,0.0,0.0,0.0,0.0,0.0,,,,,,,,,True
LASIESTA,I_SM_12,0,73,57,57,54,12591.0,0,person,0.0,0.0,0.0,0.0,0.0,0.0,0.0,0.0,,,,,,,,,True
LASIESTA,I_SM_12,1,149,62,62,52,11459.0,0,person,0.0,0.0,0.0,0.0,0.0,0.0,0.0,0.0,,,,,,,,,True
LASIESTA,I_SM_12,2,243,58,58,53,10037.0,0,person,0.0,0.0,0.0,0.0,0.0,0.0,0.0,0.0,,,,,,,,,True
LASIESTA,O_CL_01,0,144,72,72,67,18487.0,2,vehicle,0.0,0.0,0.0,0.0,0.0,0.0,0.0,0.0,,,,,,,,,True
LASIESTA,O_CL_02,0,95,293,293,285,2467.0,0,person,0.0,0.0,0.0,0.0,0.0,0.0,0.0,0.0,,,,,,,,,True
LASIESTA,O_MC_01,0,159,195,195,192,4810.0,0,person,0.0,0.0,0.0,0.0,0.0,0.0,0.0,0.0,,,,,,,,,True
LASIESTA,O_MC_02,0,75,94,94,90,4112.0,0,person,0.0,0.0,0.0,0.0,0.0,0.0,0.0,0.0,,,,,,,,,True
LASIESTA,O_RA_01,0,150,119,119,112,539.0,0,person,0.0,0.0,0.0,0.0,0.0,0.0,0.0,0.0,,,,,,,,,True
LASIESTA,O_RA_01,1,888,113,113,88,5948.0,2,vehicle,0.0,0.0,0.0,0.0,0.0,0.0,0.0,0.0,,,,,,,,,True
LASIESTA,O_RA_02,0,175,130,130,127,5098.0,0,person,0.0,0.0,0.0,0.0,0.0,0.0,0.0,0.0,,,,,,,,,True
LASIESTA,O_SM_01,0,72,317,317,311,6643.0,0,person,0.0,0.0,0.0,0.0,0.0,0.0,0.0,0.0,,,,,,,,,True
LASIESTA,O_SM_02,0,72,317,317,311,6294.0,0,person,0.0,0.0,0.0,0.0,0.0,0.0,0.0,0.0,,,,,,,,,True
LASIESTA,O_SM_03,0,72,317,317,311,5510.0,0,person,0.0,0.0,0.0,0.0,0.0,0.0,0.0,0.0,,,,,,,,,True
LASIESTA,O_SM_04,0,102,287,287,273,3164.0,0,person,0.0,0.0,0.0,0.0,0.0,0.0,0.0,0.0,,,,,,,,,True
LASIESTA,O_SM_05,0,103,286,286,273,3166.0,0,person,0.0,0.0,0.0,0.0,0.0,0.0,0.0,0.0,,,,,,,,,True
LASIESTA,O_SM_06,0,102,287,287,274,3168.0,0,person,0.0,0.0,0.0,0.0,0.0,0.0,0.0,0.0,,,,,,,,,True
LASIESTA,O_SM_07,0,103,285,285,270,3161.0,0,person,0.0,0.0,0.0,0.0,0.0,0.0,0.0,0.0,,,,,,,,,True
LASIESTA,O_SM_08,0,102,286,285,271,3156.0,0,person,0.0,0.0,0.0,0.0,0.0,0.0,0.0,0.0,,,,,,,,,True
LASIESTA,O_SM_09,0,102,286,286,272,3164.0,0,person,0.0,0.0,0.0,0.0,0.0,0.0,0.0,0.0,,,,,,,,,True
LASIESTA,O_SM_10,0,102,286,285,274,3164.0,0,person,0.0,0.0,0.0,0.0,0.0,0.0,0.0,0.0,,,,,,,,,True
LASIESTA,O_SM_11,0,102,287,286,273,3159.0,0,person,0.0,0.0,0.0,0.0,0.0,0.0,0.0,0.0,,,,,,,,,True
LASIESTA,O_SM_12,0,102,1,1,0,12.0,-1,unmatched,1.0,1.0,1.0,1.0,1.0,1.0,1.0,1.0,,,,,,,,,False
LASIESTA,O_SM_12,1,105,284,283,274,3157.0,0,person,0.0,0.0,0.0,0.0,0.0,0.0,0.0,0.0,,,,,,,,,True
LASIESTA,O_SN_01,0,321,101,101,98,9478.0,2,vehicle,0.0,0.0,0.0,0.0,0.0,0.0,0.0,0.0,,,,,,,,,True
LASIESTA,O_SN_02,0,404,325,325,275,1308.0,2,vehicle,0.0,0.0,0.0,0.0,0.0,0.0,0.0,0.0,,,,,,,,,True
LASIESTA,O_SU_01,0,100,151,151,144,1002.0,0,person,0.0,0.0,0.0,0.0,0.0,0.0,0.0,0.0,,,,,,,,,True
LASIESTA,O_SU_02,0,66,275,275,271,1760.0,0,person,0.0,0.0,0.0,0.0,0.0,0.0,0.0,0.0,,,,,,,,,True
