file,char,azimuth,pose,gender,age,weight,height,long_sleeve,long_hair,w,h,aspect,area_px,lum_mean
char00_az000_p0.png,0,0,p0,0.0,0.5877420593060476,0.45126612510301556,0.3839264428892937,True,True,75,241,0.3112033195020747,9775,112.8393861892583
char00_az000_p1.png,0,0,p1,0.0,0.5877420593060476,0.45126612510301556,0.3839264428892937,True,True,72,240,0.3,9899,112.36660268714012
char00_az000_p2.png,0,0,p2,0.0,0.5877420593060476,0.45126612510301556,0.3839264428892937,True,True,75,241,0.3112033195020747,9779,108.72809080683096
char00_az045_p0.png,0,45,p0,0.0,0.5877420593060476,0.45126612510301556,0.3839264428892937,True,True,111,232,0.47844827586206895,9733,122.80673995684784
char00_az045_p1.png,0,45,p1,0.0,0.5877420593060476,0.45126612510301556,0.3839264428892937,True,True,79,246,0.32113821138211385,9498,122.06475047378396
char00_az045_p2.png,0,45,p2,0.0,0.5877420593060476,0.45126612510301556,0.3839264428892937,True,True,63,248,0.2540322580645161,8077,119.32326358796583
char00_az090_p0.png,0,90,p0,0.0,0.5877420593060476,0.45126612510301556,0.3839264428892937,True,True,109,242,0.45041322314049587,8236,118.70713938805245
char00_az090_p1.png,0,90,p1,0.0,0.5877420593060476,0.45126612510301556,0.3839264428892937,True,True,86,245,0.3510204081632653,7895,114.31386953768208
char00_az090_p2.png,0,90,p2,0.0,0.5877420593060476,0.45126612510301556,0.3839264428892937,True,True,109,244,0.44672131147540983,8306,114.33698531182277
char00_az135_p0.png,0,135,p0,0.0,0.5877420593060476,0.45126612510301556,0.3839264428892937,True,True,63,247,0.2550607287449393,8233,93.98481719907689
char00_az135_p1.png,0,135,p1,0.0,0.5877420593060476,0.45126612510301556,0.3839264428892937,True,True,97,242,0.40082644628099173,9198,95.35866492715807
char00_az135_p2.png,0,135,p2,0.0,0.5877420593060476,0.45126612510301556,0.3839264428892937,True,True,111,236,0.4703389830508475,9745,96.82955361723961
char00_az180_p0.png,0,180,p0,0.0,0.5877420593060476,0.45126612510301556,0.3839264428892937,True,True,74,245,0.3020408163265306,9647,86.58100964030268
char00_az180_p1.png,0,180,p1,0.0,0.5877420593060476,0.45126612510301556,0.3839264428892937,True,True,72,237,0.3037974683544304,9690,85.68307533539732
char00_az180_p2.png,0,180,p2,0.0,0.5877420593060476,0.45126612510301556,0.3839264428892937,True,True,75,245,0.30612244897959184,9648,86.2183872305141
char00_az225_p0.png,0,225,p0,0.0,0.5877420593060476,0.45126612510301556,0.3839264428892937,True,True,111,236,0.4703389830508475,9764,87.47347398607128
char00_az225_p1.png,0,225,p1,0.0,0.5877420593060476,0.45126612510301556,0.3839264428892937,True,True,78,244,0.319672131147541,9187,86.22118210514859
char00_az225_p2.png,0,225,p2,0.0,0.5877420593060476,0.45126612510301556,0.3839264428892937,True,True,63,247,0.2550607287449393,8217,84.1650237312888
char00_az270_p0.png,0,270,p0,0.0,0.5877420593060476,0.45126612510301556,0.3839264428892937,True,True,109,244,0.44672131147540983,8312,94.93647738209818
char00_az270_p1.png,0,270,p1,0.0,0.5877420593060476,0.45126612510301556,0.3839264428892937,True,True,87,244,0.35655737704918034,7586,90.98246770366464
char00_az270_p2.png,0,270,p2,0.0,0.5877420593060476,0.45126612510301556,0.3839264428892937,True,True,109,242,0.45041322314049587,8236,93.31253035454104
char00_az315_p0.png,0,315,p0,0.0,0.5877420593060476,0.45126612510301556,0.3839264428892937,True,True,63,248,0.2540322580645161,8060,99.77965260545906
char00_az315_p1.png,0,315,p1,0.0,0.5877420593060476,0.45126612510301556,0.3839264428892937,True,True,97,236,0.4110169491525424,9464,101.0672020287405
char00_az315_p2.png,0,315,p2,0.0,0.5877420593060476,0.45126612510301556,0.3839264428892937,True,True,111,232,0.47844827586206895,9731,99.00123317233583
char01_az000_p0.png,1,0,p0,1.0,0.49017647916907614,0.41842256915917386,0.7080964774039143,True,False,100,303,0.33003300330033003,15572,134.34606986899564
char01_az000_p1.png,1,0,p1,1.0,0.49017647916907614,0.41842256915917386,0.7080964774039143,True,False,96,299,0.3210702341137124,15887,132.68187826524832
char01_az000_p2.png,1,0,p2,1.0,0.49017647916907614,0.41842256915917386,0.7080964774039143,True,False,101,303,0.3333333333333333,15567,128.57416329414787
char01_az045_p0.png,1,45,p0,1.0,0.49017647916907614,0.41842256915917386,0.7080964774039143,True,False,160,288,0.5555555555555556,15677,142.7870766090451
char01_az045_p1.png,1,45,p1,1.0,0.49017647916907614,0.41842256915917386,0.7080964774039143,True,False,115,305,0.3770491803278688,14972,140.4541811381245
char01_az045_p2.png,1,45,p2,1.0,0.49017647916907614,0.41842256915917386,0.7080964774039143,True,False,91,305,0.2983606557377049,12668,140.6255131038838
char01_az090_p0.png,1,90,p0,1.0,0.49017647916907614,0.41842256915917386,0.7080964774039143,True,False,156,303,0.5148514851485149,13423,135.8641883334575
char01_az090_p1.png,1,90,p1,1.0,0.49017647916907614,0.41842256915917386,0.7080964774039143,True,False,129,302,0.4271523178807947,12422,132.97295121558525
char01_az090_p2.png,1,90,p2,1.0,0.49017647916907614,0.41842256915917386,0.7080964774039143,True,False,156,296,0.527027027027027,13176,129.3823618700668
char01_az135_p0.png,1,135,p0,1.0,0.49017647916907614,0.41842256915917386,0.7080964774039143,True,False,91,308,0.29545454545454547,12063,117.57332338555915
char01_az135_p1.png,1,135,p1,1.0,0.49017647916907614,0.41842256915917386,0.7080964774039143,True,False,138,296,0.46621621621621623,14187,116.2481849580602
char01_az135_p2.png,1,135,p2,1.0,0.49017647916907614,0.41842256915917386,0.7080964774039143,True,False,160,283,0.5653710247349824,14720,115.58342391304348
char01_az180_p0.png,1,180,p0,1.0,0.49017647916907614,0.41842256915917386,0.7080964774039143,True,False,100,300,0.3333333333333333,14745,108.86890471346219
char01_az180_p1.png,1,180,p1,1.0,0.49017647916907614,0.41842256915917386,0.7080964774039143,True,False,97,289,0.3356401384083045,14826,107.59193309051666
char01_az180_p2.png,1,180,p2,1.0,0.49017647916907614,0.41842256915917386,0.7080964774039143,True,False,100,300,0.3333333333333333,14736,107.33767643865363
char01_az225_p0.png,1,225,p0,1.0,0.49017647916907614,0.41842256915917386,0.7080964774039143,True,False,160,283,0.5653710247349824,14722,106.00787936421682
char01_az225_p1.png,1,225,p1,1.0,0.49017647916907614,0.41842256915917386,0.7080964774039143,True,False,115,299,0.38461538461538464,14164,105.35484326461452
char01_az225_p2.png,1,225,p2,1.0,0.49017647916907614,0.41842256915917386,0.7080964774039143,True,False,91,307,0.2964169381107492,12062,104.62560106118389
char01_az270_p0.png,1,270,p0,1.0,0.49017647916907614,0.41842256915917386,0.7080964774039143,True,False,156,296,0.527027027027027,13185,109.17239287068638
char01_az270_p1.png,1,270,p1,1.0,0.49017647916907614,0.41842256915917386,0.7080964774039143,True,False,129,301,0.42857142857142855,12015,108.21007074490221
char01_az270_p2.png,1,270,p2,1.0,0.49017647916907614,0.41842256915917386,0.7080964774039143,True,False,156,303,0.5148514851485149,13428,107.37272862675007
char01_az315_p0.png,1,315,p0,1.0,0.49017647916907614,0.41842256915917386,0.7080964774039143,True,False,91,305,0.2983606557377049,12674,122.27276313713114
char01_az315_p1.png,1,315,p1,1.0,0.49017647916907614,0.41842256915917386,0.7080964774039143,True,False,138,294,0.46938775510204084,14875,120.30702521008403
char01_az315_p2.png,1,315,p2,1.0,0.49017647916907614,0.41842256915917386,0.7080964774039143,True,False,160,288,0.5555555555555556,15683,117.19824013262769
char02_az000_p0.png,2,0,p0,0.0,0.43022458362094823,0.4280349874985666,0.31060085764583745,True,True,68,222,0.3063063063063063,8415,120.92097445038621
char02_az000_p1.png,2,0,p1,0.0,0.43022458362094823,0.4280349874985666,0.31060085764583745,True,True,67,222,0.30180180180180183,8551,120.28675008770904
char02_az000_p2.png,2,0,p2,0.0,0.43022458362094823,0.4280349874985666,0.31060085764583745,True,True,69,222,0.3108108108108108,8417,117.0206724486159
char02_az045_p0.png,2,45,p0,0.0,0.43022458362094823,0.4280349874985666,0.31060085764583745,True,True,103,214,0.48130841121495327,8423,130.59432506232935
char02_az045_p1.png,2,45,p1,0.0,0.43022458362094823,0.4280349874985666,0.31060085764583745,True,True,72,227,0.31718061674008813,8240,129.99490291262137
char02_az045_p2.png,2,45,p2,0.0,0.43022458362094823,0.4280349874985666,0.31060085764583745,True,True,59,228,0.25877192982456143,6963,129.5239121068505
char02_az090_p0.png,2,90,p0,0.0,0.43022458362094823,0.4280349874985666,0.31060085764583745,True,True,98,224,0.4375,7135,125.76790469516469
char02_az090_p1.png,2,90,p1,0.0,0.43022458362094823,0.4280349874985666,0.31060085764583745,True,True,79,226,0.3495575221238938,6808,121.76512925969448
char02_az090_p2.png,2,90,p2,0.0,0.43022458362094823,0.4280349874985666,0.31060085764583745,True,True,99,225,0.44,7151,120.02083624667878
char02_az135_p0.png,2,135,p0,0.0,0.43022458362094823,0.4280349874985666,0.31060085764583745,True,True,58,227,0.2555066079295154,7119,103.1070375052676
char02_az135_p1.png,2,135,p1,0.0,0.43022458362094823,0.4280349874985666,0.31060085764583745,True,True,88,222,0.3963963963963964,7911,102.91808873720136
char02_az135_p2.png,2,135,p2,0.0,0.43022458362094823,0.4280349874985666,0.31060085764583745,True,True,104,217,0.4792626728110599,8412,103.68390394674275
char02_az180_p0.png,2,180,p0,0.0,0.43022458362094823,0.4280349874985666,0.31060085764583745,True,True,68,225,0.3022222222222222,8291,94.74502472560607
char02_az180_p1.png,2,180,p1,0.0,0.43022458362094823,0.4280349874985666,0.31060085764583745,True,True,67,218,0.3073394495412844,8328,93.84942363112393
char02_az180_p2.png,2,180,p2,0.0,0.43022458362094823,0.4280349874985666,0.31060085764583745,True,True,68,225,0.3022222222222222,8278,94.07924619473303
char02_az225_p0.png,2,225,p0,0.0,0.43022458362094823,0.4280349874985666,0.31060085764583745,True,True,104,218,0.47706422018348627,8414,93.68041359638697
char02_az225_p1.png,2,225,p1,0.0,0.43022458362094823,0.4280349874985666,0.31060085764583745,True,True,72,225,0.32,7922,92.87591517293613
char02_az225_p2.png,2,225,p2,0.0,0.43022458362094823,0.4280349874985666,0.31060085764583745,True,True,58,228,0.2543859649122807,7105,92.02350457424349
char02_az270_p0.png,2,270,p0,0.0,0.43022458362094823,0.4280349874985666,0.31060085764583745,True,True,99,225,0.44,7163,99.04174228675136
char02_az270_p1.png,2,270,p1,0.0,0.43022458362094823,0.4280349874985666,0.31060085764583745,True,True,78,225,0.3466666666666667,6547,97.23247288834581
char02_az270_p2.png,2,270,p2,0.0,0.43022458362094823,0.4280349874985666,0.31060085764583745,True,True,99,224,0.4419642857142857,7127,98.19559421916655
char02_az315_p0.png,2,315,p0,0.0,0.43022458362094823,0.4280349874985666,0.31060085764583745,True,True,58,228,0.2543859649122807,6947,107.88815315963726
char02_az315_p1.png,2,315,p1,0.0,0.43022458362094823,0.4280349874985666,0.31060085764583745,True,True,90,218,0.41284403669724773,8173,107.01872017618989
char02_az315_p2.png,2,315,p2,0.0,0.43022458362094823,0.4280349874985666,0.31060085764583745,True,True,103,214,0.48130841121495327,8425,105.36367952522255
char03_az000_p0.png,3,0,p0,1.0,0.6457411099165675,0.7519914267037446,0.7330274804627286,False,False,104,303,0.3432343234323432,16669,139.77299178115064
char03_az000_p1.png,3,0,p1,1.0,0.6457411099165675,0.7519914267037446,0.7330274804627286,False,False,95,299,0.3177257525083612,16933,136.81031122659894
char03_az000_p2.png,3,0,p2,1.0,0.6457411099165675,0.7519914267037446,0.7330274804627286,False,False,103,303,0.33993399339933994,16678,133.85699724187552
char03_az045_p0.png,3,45,p0,1.0,0.6457411099165675,0.7519914267037446,0.7330274804627286,False,False,160,289,0.5536332179930796,16622,143.55143785344723
char03_az045_p1.png,3,45,p1,1.0,0.6457411099165675,0.7519914267037446,0.7330274804627286,False,False,115,305,0.3770491803278688,15977,141.26901170432498
char03_az045_p2.png,3,45,p2,1.0,0.6457411099165675,0.7519914267037446,0.7330274804627286,False,False,92,305,0.3016393442622951,13364,146.4226279557019
char03_az090_p0.png,3,90,p0,1.0,0.6457411099165675,0.7519914267037446,0.7330274804627286,False,False,158,303,0.5214521452145214,14395,133.93143452587705
char03_az090_p1.png,3,90,p1,1.0,0.6457411099165675,0.7519914267037446,0.7330274804627286,False,False,133,302,0.44039735099337746,13255,135.1212372689551
char03_az090_p2.png,3,90,p2,1.0,0.6457411099165675,0.7519914267037446,0.7330274804627286,False,False,158,295,0.535593220338983,14069,128.9910441395977
char03_az135_p0.png,3,135,p0,1.0,0.6457411099165675,0.7519914267037446,0.7330274804627286,False,False,91,308,0.29545454545454547,12958,126.83446519524618
char03_az135_p1.png,3,135,p1,1.0,0.6457411099165675,0.7519914267037446,0.7330274804627286,False,False,138,296,0.46621621621621623,15253,120.69284730872616
char03_az135_p2.png,3,135,p2,1.0,0.6457411099165675,0.7519914267037446,0.7330274804627286,False,False,160,283,0.5653710247349824,15744,120.89532520325203
char03_az180_p0.png,3,180,p0,1.0,0.6457411099165675,0.7519914267037446,0.7330274804627286,False,False,102,300,0.34,16005,117.22224304904718
char03_az180_p1.png,3,180,p1,1.0,0.6457411099165675,0.7519914267037446,0.7330274804627286,False,False,95,290,0.3275862068965517,16119,116.16706991748867
char03_az180_p2.png,3,180,p2,1.0,0.6457411099165675,0.7519914267037446,0.7330274804627286,False,False,103,300,0.3433333333333333,16008,115.88399550224888
char03_az225_p0.png,3,225,p0,1.0,0.6457411099165675,0.7519914267037446,0.7330274804627286,False,False,160,283,0.5653710247349824,15734,112.39703826109063
char03_az225_p1.png,3,225,p1,1.0,0.6457411099165675,0.7519914267037446,0.7330274804627286,False,False,115,300,0.38333333333333336,15205,111.52791844787899
char03_az225_p2.png,3,225,p2,1.0,0.6457411099165675,0.7519914267037446,0.7330274804627286,False,False,92,308,0.2987012987012987,12955,115.33006561173292
char03_az270_p0.png,3,270,p0,1.0,0.6457411099165675,0.7519914267037446,0.7330274804627286,False,False,158,295,0.535593220338983,14060,110.64153627311522
char03_az270_p1.png,3,270,p1,1.0,0.6457411099165675,0.7519914267037446,0.7330274804627286,False,False,133,300,0.44333333333333336,12800,114.4
char03_az270_p2.png,3,270,p2,1.0,0.6457411099165675,0.7519914267037446,0.7330274804627286,False,False,158,303,0.5214521452145214,14395,108.08836401528309
char03_az315_p0.png,3,315,p0,1.0,0.6457411099165675,0.7519914267037446,0.7330274804627286,False,False,92,305,0.3016393442622951,13356,129.48742138364778
char03_az315_p1.png,3,315,p1,1.0,0.6457411099165675,0.7519914267037446,0.7330274804627286,False,False,138,292,0.4726027397260274,15839,122.83079739882568
char03_az315_p2.png,3,315,p2,1.0,0.6457411099165675,0.7519914267037446,0.7330274804627286,False,False,160,290,0.5517241379310345,16616,120.03791526239769
char04_az000_p0.png,4,0,p0,0.0,0.3622492852008851,0.7156801866435558,0.7666617457999995,True,True,80,289,0.2768166089965398,12940,94.7984544049459
char04_az000_p1.png,4,0,p1,0.0,0.3622492852008851,0.7156801866435558,0.7666617457999995,True,True,81,286,0.28321678321678323,13170,92.96233864844343
char04_az000_p2.png,4,0,p2,0.0,0.3622492852008851,0.7156801866435558,0.7666617457999995,True,True,80,289,0.2768166089965398,12943,91.51997218573746
char04_az045_p0.png,4,45,p0,0.0,0.3622492852008851,0.7156801866435558,0.7666617457999995,True,True,140,276,0.5072463768115942,13244,101.45431893687707
char04_az045_p1.png,4,45,p1,0.0,0.3622492852008851,0.7156801866435558,0.7666617457999995,True,True,91,292,0.3116438356164384,12851,100.60555598786087
char04_az045_p2.png,4,45,p2,0.0,0.3622492852008851,0.7156801866435558,0.7666617457999995,True,True,72,294,0.24489795918367346,10942,103.93895083165783
char04_az090_p0.png,4,90,p0,0.0,0.3622492852008851,0.7156801866435558,0.7666617457999995,True,True,138,287,0.4808362369337979,11456,97.19099162011173
char04_az090_p1.png,4,90,p1,0.0,0.3622492852008851,0.7156801866435558,0.7666617457999995,True,True,102,290,0.35172413793103446,10635,97.54029149036201
char04_az090_p2.png,4,90,p2,0.0,0.3622492852008851,0.7156801866435558,0.7666617457999995,True,True,138,287,0.4808362369337979,11469,91.83799808178568
char04_az135_p0.png,4,135,p0,0.0,0.3622492852008851,0.7156801866435558,0.7666617457999995,True,True,72,294,0.24489795918367346,10356,78.14213982232522
char04_az135_p1.png,4,135,p1,0.0,0.3622492852008851,0.7156801866435558,0.7666617457999995,True,True,111,287,0.3867595818815331,12313,75.15650125883212
char04_az135_p2.png,4,135,p2,0.0,0.3622492852008851,0.7156801866435558,0.7666617457999995,True,True,139,277,0.5018050541516246,13070,76.33052792654935
char04_az180_p0.png,4,180,p0,0.0,0.3622492852008851,0.7156801866435558,0.7666617457999995,True,True,81,291,0.27835051546391754,12699,67.30837073785338
char04_az180_p1.png,4,180,p1,0.0,0.3622492852008851,0.7156801866435558,0.7666617457999995,True,True,80,280,0.2857142857142857,12813,66.7353469132912
char04_az180_p2.png,4,180,p2,0.0,0.3622492852008851,0.7156801866435558,0.7666617457999995,True,True,80,291,0.27491408934707906,12694,66.85449818812037
char04_az225_p0.png,4,225,p0,0.0,0.3622492852008851,0.7156801866435558,0.7666617457999995,True,True,139,278,0.5,13077,67.64196681195993
char04_az225_p1.png,4,225,p1,0.0,0.3622492852008851,0.7156801866435558,0.7666617457999995,True,True,91,288,0.3159722222222222,12324,66.77937358000649
char04_az225_p2.png,4,225,p2,0.0,0.3622492852008851,0.7156801866435558,0.7666617457999995,True,True,72,294,0.24489795918367346,10337,68.42971848698849
char04_az270_p0.png,4,270,p0,0.0,0.3622492852008851,0.7156801866435558,0.7666617457999995,True,True,138,288,0.4791666666666667,11466,74.23931623931624
char04_az270_p1.png,4,270,p1,0.0,0.3622492852008851,0.7156801866435558,0.7666617457999995,True,True,101,289,0.3494809688581315,10241,78.37633043648081
char04_az270_p2.png,4,270,p2,0.0,0.3622492852008851,0.7156801866435558,0.7666617457999995,True,True,137,288,0.4756944444444444,11445,74.91795543905636
char04_az315_p0.png,4,315,p0,0.0,0.3622492852008851,0.7156801866435558,0.7666617457999995,True,True,72,294,0.24489795918367346,10937,85.30209381000275
char04_az315_p1.png,4,315,p1,0.0,0.3622492852008851,0.7156801866435558,0.7666617457999995,True,True,111,281,0.39501779359430605,12756,81.97671683913453
char04_az315_p2.png,4,315,p2,0.0,0.3622492852008851,0.7156801866435558,0.7666617457999995,True,True,139,276,0.5036231884057971,13245,80.9428463571159
char05_az000_p0.png,5,0,p0,1.0,0.5041756678481428,0.7817191172080067,0.40803343045065443,False,False,94,268,0.35074626865671643,12540,130.62519936204146
char05_az000_p1.png,5,0,p1,1.0,0.5041756678481428,0.7817191172080067,0.40803343045065443,False,False,85,266,0.31954887218045114,12829,130.28045833658118
char05_az000_p2.png,5,0,p2,1.0,0.5041756678481428,0.7817191172080067,0.40803343045065443,False,False,94,268,0.35074626865671643,12534,125.42245093346098
char05_az045_p0.png,5,45,p0,1.0,0.5041756678481428,0.7817191172080067,0.40803343045065443,False,False,152,258,0.5891472868217055,12459,140.1383738662814
char05_az045_p1.png,5,45,p1,1.0,0.5041756678481428,0.7817191172080067,0.40803343045065443,False,False,109,271,0.4022140221402214,11860,137.73861720067453
char05_az045_p2.png,5,45,p2,1.0,0.5041756678481428,0.7817191172080067,0.40803343045065443,False,False,87,271,0.3210332103321033,9953,133.21822566060484
char05_az090_p0.png,5,90,p0,1.0,0.5041756678481428,0.7817191172080067,0.40803343045065443,False,False,141,274,0.5145985401459854,10806,135.25282250601518
char05_az090_p1.png,5,90,p1,1.0,0.5041756678481428,0.7817191172080067,0.40803343045065443,False,False,118,272,0.4338235294117647,10035,129.40637767812655
char05_az090_p2.png,5,90,p2,1.0,0.5041756678481428,0.7817191172080067,0.40803343045065443,False,False,141,267,0.5280898876404494,10383,129.06029086005972
char05_az135_p0.png,5,135,p0,1.0,0.5041756678481428,0.7817191172080067,0.40803343045065443,False,False,87,278,0.3129496402877698,10173,112.99066155509682
char05_az135_p1.png,5,135,p1,1.0,0.5041756678481428,0.7817191172080067,0.40803343045065443,False,False,127,268,0.47388059701492535,11441,114.46604317804388
char05_az135_p2.png,5,135,p2,1.0,0.5041756678481428,0.7817191172080067,0.40803343045065443,False,False,152,259,0.5868725868725869,11873,114.03933294028468
char05_az180_p0.png,5,180,p0,1.0,0.5041756678481428,0.7817191172080067,0.40803343045065443,False,False,94,271,0.34686346863468637,11944,106.50301406563965
char05_az180_p1.png,5,180,p1,1.0,0.5041756678481428,0.7817191172080067,0.40803343045065443,False,False,85,264,0.32196969696969696,11916,105.36841221886539
char05_az180_p2.png,5,180,p2,1.0,0.5041756678481428,0.7817191172080067,0.40803343045065443,False,False,94,271,0.34686346863468637,11944,105.13998660415271
char05_az225_p0.png,5,225,p0,1.0,0.5041756678481428,0.7817191172080067,0.40803343045065443,False,False,152,258,0.5891472868217055,11874,105.69108977598114
char05_az225_p1.png,5,225,p1,1.0,0.5041756678481428,0.7817191172080067,0.40803343045065443,False,False,108,272,0.39705882352941174,11417,104.85635455899097
char05_az225_p2.png,5,225,p2,1.0,0.5041756678481428,0.7817191172080067,0.40803343045065443,False,False,87,278,0.3129496402877698,10176,101.43111242138365
char05_az270_p0.png,5,270,p0,1.0,0.5041756678481428,0.7817191172080067,0.40803343045065443,False,False,141,266,0.5300751879699248,10368,111.4164737654321
char05_az270_p1.png,5,270,p1,1.0,0.5041756678481428,0.7817191172080067,0.40803343045065443,False,False,119,270,0.44074074074074077,9698,106.05124767993401
char05_az270_p2.png,5,270,p2,1.0,0.5041756678481428,0.7817191172080067,0.40803343045065443,False,False,141,272,0.5183823529411765,10804,109.86051462421325
char05_az315_p0.png,5,315,p0,1.0,0.5041756678481428,0.7817191172080067,0.40803343045065443,False,False,87,270,0.32222222222222224,9945,117.31825037707391
char05_az315_p1.png,5,315,p1,1.0,0.5041756678481428,0.7817191172080067,0.40803343045065443,False,False,126,261,0.4827586206896552,11780,120.01324278438031
char05_az315_p2.png,5,315,p2,1.0,0.5041756678481428,0.7817191172080067,0.40803343045065443,False,False,152,258,0.5891472868217055,12458,117.24418044629957
char06_az000_p0.png,6,0,p0,0.0,0.663048662158708,0.4324793758459782,0.590414166213346,False,False,80,273,0.29304029304029305,11692,142.67610331850838
char06_az000_p1.png,6,0,p1,0.0,0.663048662158708,0.4324793758459782,0.590414166213346,False,False,80,271,0.2952029520295203,11876,141.6060121252947
char06_az000_p2.png,6,0,p2,0.0,0.663048662158708,0.4324793758459782,0.590414166213346,False,False,81,273,0.2967032967032967,11688,138.5168548939083
char06_az045_p0.png,6,45,p0,0.0,0.663048662158708,0.4324793758459782,0.590414166213346,False,False,132,259,0.5096525096525096,11679,149.2105488483603
char06_az045_p1.png,6,45,p1,0.0,0.663048662158708,0.4324793758459782,0.590414166213346,False,False,90,277,0.3249097472924188,11341,148.27193369191428
char06_az045_p2.png,6,45,p2,0.0,0.663048662158708,0.4324793758459782,0.590414166213346,False,False,70,279,0.25089605734767023,9525,151.37228346456692
char06_az090_p0.png,6,90,p0,0.0,0.663048662158708,0.4324793758459782,0.590414166213346,False,False,130,272,0.47794117647058826,9792,140.8152573529412
char06_az090_p1.png,6,90,p1,0.0,0.663048662158708,0.4324793758459782,0.590414166213346,False,False,100,276,0.36231884057971014,9203,140.0305335216777
char06_az090_p2.png,6,90,p2,0.0,0.663048662158708,0.4324793758459782,0.590414166213346,False,False,130,274,0.4744525547445255,9859,136.1926158839639
char06_az135_p0.png,6,135,p0,0.0,0.663048662158708,0.4324793758459782,0.590414166213346,False,False,71,279,0.25448028673835127,9354,122.9658969424845
char06_az135_p1.png,6,135,p1,0.0,0.663048662158708,0.4324793758459782,0.590414166213346,False,False,109,274,0.3978102189781022,10876,120.50321809488783
char06_az135_p2.png,6,135,p2,0.0,0.663048662158708,0.4324793758459782,0.590414166213346,False,False,131,265,0.49433962264150944,11549,120.99662308424972
char06_az180_p0.png,6,180,p0,0.0,0.663048662158708,0.4324793758459782,0.590414166213346,False,False,81,277,0.2924187725631769,11466,114.1679748822606
char06_az180_p1.png,6,180,p1,0.0,0.663048662158708,0.4324793758459782,0.590414166213346,False,False,80,267,0.299625468164794,11520,113.30269097222222
char06_az180_p2.png,6,180,p2,0.0,0.663048662158708,0.4324793758459782,0.590414166213346,False,False,80,277,0.2888086642599278,11465,113.40357610117749
char06_az225_p0.png,6,225,p0,0.0,0.663048662158708,0.4324793758459782,0.590414166213346,False,False,130,265,0.49056603773584906,11535,111.30429128738622
char06_az225_p1.png,6,225,p1,0.0,0.663048662158708,0.4324793758459782,0.590414166213346,False,False,91,276,0.32971014492753625,10905,111.00660247592847
char06_az225_p2.png,6,225,p2,0.0,0.663048662158708,0.4324793758459782,0.590414166213346,False,False,71,280,0.25357142857142856,9344,112.41331335616438
char06_az270_p0.png,6,270,p0,0.0,0.663048662158708,0.4324793758459782,0.590414166213346,False,False,130,274,0.4744525547445255,9858,115.41184824508014
char06_az270_p1.png,6,270,p1,0.0,0.663048662158708,0.4324793758459782,0.590414166213346,False,False,100,274,0.36496350364963503,8820,117.17732426303854
char06_az270_p2.png,6,270,p2,0.0,0.663048662158708,0.4324793758459782,0.590414166213346,False,False,130,272,0.47794117647058826,9795,114.77508933129147
char06_az315_p0.png,6,315,p0,0.0,0.663048662158708,0.4324793758459782,0.590414166213346,False,False,70,279,0.25089605734767023,9527,132.77799937021098
char06_az315_p1.png,6,315,p1,0.0,0.663048662158708,0.4324793758459782,0.590414166213346,False,False,109,266,0.40977443609022557,11282,128.61939372451693
char06_az315_p2.png,6,315,p2,0.0,0.663048662158708,0.4324793758459782,0.590414166213346,False,False,131,260,0.5038461538461538,11674,126.43181428816173
char07_az000_p0.png,7,0,p0,1.0,0.49714503776152685,0.36655230772754616,0.3848184022189344,True,False,89,262,0.33969465648854963,11353,114.15343961948383
char07_az000_p1.png,7,0,p1,1.0,0.49714503776152685,0.36655230772754616,0.3848184022189344,True,False,81,260,0.31153846153846154,11542,113.11375844740947
char07_az000_p2.png,7,0,p2,1.0,0.49714503776152685,0.36655230772754616,0.3848184022189344,True,False,88,262,0.33587786259541985,11360,109.27455985915493
char07_az045_p0.png,7,45,p0,1.0,0.49714503776152685,0.36655230772754616,0.3848184022189344,True,False,147,253,0.5810276679841897,11496,122.70433194154488
char07_az045_p1.png,7,45,p1,1.0,0.49714503776152685,0.36655230772754616,0.3848184022189344,True,False,100,266,0.37593984962406013,10881,120.46484698097602
char07_az045_p2.png,7,45,p2,1.0,0.49714503776152685,0.36655230772754616,0.3848184022189344,True,False,79,265,0.2981132075471698,9186,118.90060962333986
char07_az090_p0.png,7,90,p0,1.0,0.49714503776152685,0.36655230772754616,0.3848184022189344,True,False,139,267,0.5205992509363296,9950,118.74994974874372
char07_az090_p1.png,7,90,p1,1.0,0.49714503776152685,0.36655230772754616,0.3848184022189344,True,False,112,265,0.4226415094339623,9271,114.3688922446338
char07_az090_p2.png,7,90,p2,1.0,0.49714503776152685,0.36655230772754616,0.3848184022189344,True,False,139,260,0.5346153846153846,9682,113.27091510018592
char07_az135_p0.png,7,135,p0,1.0,0.49714503776152685,0.36655230772754616,0.3848184022189344,True,False,79,272,0.29044117647058826,9366,99.7872090540252
char07_az135_p1.png,7,135,p1,1.0,0.49714503776152685,0.36655230772754616,0.3848184022189344,True,False,118,263,0.44866920152091255,10472,99.3842627960275
char07_az135_p2.png,7,135,p2,1.0,0.49714503776152685,0.36655230772754616,0.3848184022189344,True,False,147,253,0.5810276679841897,10913,98.31842756345642
char07_az180_p0.png,7,180,p0,1.0,0.49714503776152685,0.36655230772754616,0.3848184022189344,True,False,89,266,0.33458646616541354,10904,91.2264306676449
char07_az180_p1.png,7,180,p1,1.0,0.49714503776152685,0.36655230772754616,0.3848184022189344,True,False,81,258,0.313953488372093,10914,89.8851017042331
char07_az180_p2.png,7,180,p2,1.0,0.49714503776152685,0.36655230772754616,0.3848184022189344,True,False,89,266,0.33458646616541354,10903,89.7313583417408
char07_az225_p0.png,7,225,p0,1.0,0.49714503776152685,0.36655230772754616,0.3848184022189344,True,False,147,252,0.5833333333333334,10916,90.1607731769879
char07_az225_p1.png,7,225,p1,1.0,0.49714503776152685,0.36655230772754616,0.3848184022189344,True,False,100,265,0.37735849056603776,10449,89.83194564073116
char07_az225_p2.png,7,225,p2,1.0,0.49714503776152685,0.36655230772754616,0.3848184022189344,True,False,79,272,0.29044117647058826,9366,88.34401024983984
char07_az270_p0.png,7,270,p0,1.0,0.49714503776152685,0.36655230772754616,0.3848184022189344,True,False,140,260,0.5384615384615384,9682,96.12889898781243
char07_az270_p1.png,7,270,p1,1.0,0.49714503776152685,0.36655230772754616,0.3848184022189344,True,False,111,264,0.42045454545454547,8951,92.43335940118422
char07_az270_p2.png,7,270,p2,1.0,0.49714503776152685,0.36655230772754616,0.3848184022189344,True,False,138,267,0.5168539325842697,9954,93.65250150693188
char07_az315_p0.png,7,315,p0,1.0,0.49714503776152685,0.36655230772754616,0.3848184022189344,True,False,79,265,0.2981132075471698,9183,103.73744963519547
char07_az315_p1.png,7,315,p1,1.0,0.49714503776152685,0.36655230772754616,0.3848184022189344,True,False,118,256,0.4609375,10810,103.47372802960221
char07_az315_p2.png,7,315,p2,1.0,0.49714503776152685,0.36655230772754616,0.3848184022189344,True,False,147,253,0.5810276679841897,11501,100.40509520911225
char08_az000_p0.png,8,0,p0,0.0,0.5128378243250672,0.3518791880705352,0.6453896497087979,False,True,80,287,0.2787456445993031,12695,135.1261914139425
char08_az000_p1.png,8,0,p1,0.0,0.5128378243250672,0.3518791880705352,0.6453896497087979,False,True,81,284,0.2852112676056338,12891,134.5828097122023
char08_az000_p2.png,8,0,p2,0.0,0.5128378243250672,0.3518791880705352,0.6453896497087979,False,True,81,287,0.28222996515679444,12703,131.52074313154372
char08_az045_p0.png,8,45,p0,0.0,0.5128378243250672,0.3518791880705352,0.6453896497087979,False,True,132,274,0.48175182481751827,12864,145.00124378109453
char08_az045_p1.png,8,45,p1,0.0,0.5128378243250672,0.3518791880705352,0.6453896497087979,False,True,88,292,0.3013698630136986,12500,144.31744
char08_az045_p2.png,8,45,p2,0.0,0.5128378243250672,0.3518791880705352,0.6453896497087979,False,True,69,293,0.2354948805460751,10627,143.35033405476617
char08_az090_p0.png,8,90,p0,0.0,0.5128378243250672,0.3518791880705352,0.6453896497087979,False,True,131,286,0.458041958041958,10979,140.65934966754713
char08_az090_p1.png,8,90,p1,0.0,0.5128378243250672,0.3518791880705352,0.6453896497087979,False,True,97,289,0.3356401384083045,10282,136.96469558451662
char08_az090_p2.png,8,90,p2,0.0,0.5128378243250672,0.3518791880705352,0.6453896497087979,False,True,131,286,0.458041958041958,11014,134.37606682404214
char08_az135_p0.png,8,135,p0,0.0,0.5128378243250672,0.3518791880705352,0.6453896497087979,False,True,69,292,0.2363013698630137,10198,114.58825259854873
char08_az135_p1.png,8,135,p1,0.0,0.5128378243250672,0.3518791880705352,0.6453896497087979,False,True,107,286,0.3741258741258741,11978,115.36775755551845
char08_az135_p2.png,8,135,p2,0.0,0.5128378243250672,0.3518791880705352,0.6453896497087979,False,True,132,276,0.4782608695652174,12720,116.54009433962264
char08_az180_p0.png,8,180,p0,0.0,0.5128378243250672,0.3518791880705352,0.6453896497087979,False,True,81,290,0.2793103448275862,12501,106.74946004319655
char08_az180_p1.png,8,180,p1,0.0,0.5128378243250672,0.3518791880705352,0.6453896497087979,False,True,80,279,0.2867383512544803,12535,105.77550857598723
char08_az180_p2.png,8,180,p2,0.0,0.5128378243250672,0.3518791880705352,0.6453896497087979,False,True,81,290,0.2793103448275862,12490,106.01585268214572
char08_az225_p0.png,8,225,p0,0.0,0.5128378243250672,0.3518791880705352,0.6453896497087979,False,True,132,277,0.47653429602888087,12718,106.80350684069822
char08_az225_p1.png,8,225,p1,0.0,0.5128378243250672,0.3518791880705352,0.6453896497087979,False,True,89,287,0.31010452961672474,11981,105.71880477422586
char08_az225_p2.png,8,225,p2,0.0,0.5128378243250672,0.3518791880705352,0.6453896497087979,False,True,69,292,0.2363013698630137,10178,103.85124778934957
char08_az270_p0.png,8,270,p0,0.0,0.5128378243250672,0.3518791880705352,0.6453896497087979,False,True,131,286,0.458041958041958,11019,114.18422724385152
char08_az270_p1.png,8,270,p1,0.0,0.5128378243250672,0.3518791880705352,0.6453896497087979,False,True,97,287,0.33797909407665505,9884,113.26386078510724
char08_az270_p2.png,8,270,p2,0.0,0.5128378243250672,0.3518791880705352,0.6453896497087979,False,True,131,286,0.458041958041958,10961,114.57047714624578
char08_az315_p0.png,8,315,p0,0.0,0.5128378243250672,0.3518791880705352,0.6453896497087979,False,True,69,292,0.2363013698630137,10610,122.52770970782281
char08_az315_p1.png,8,315,p1,0.0,0.5128378243250672,0.3518791880705352,0.6453896497087979,False,True,107,279,0.3835125448028674,12425,122.4313078470825
char08_az315_p2.png,8,315,p2,0.0,0.5128378243250672,0.3518791880705352,0.6453896497087979,False,True,132,273,0.4835164835164835,12850,120.93906614785992
char09_az000_p0.png,9,0,p0,1.0,0.34405892769072016,0.5973233659551678,0.25885471389739034,False,False,77,220,0.35,8529,115.48106460311877
char09_az000_p1.png,9,0,p1,1.0,0.34405892769072016,0.5973233659551678,0.25885471389739034,False,False,72,219,0.3287671232876712,8648,114.16003700277521
char09_az000_p2.png,9,0,p2,1.0,0.34405892769072016,0.5973233659551678,0.25885471389739034,False,False,77,220,0.35,8530,110.9567409144197
char09_az045_p0.png,9,45,p0,1.0,0.34405892769072016,0.5973233659551678,0.25885471389739034,False,False,121,215,0.5627906976744186,8501,124.75744030114105
char09_az045_p1.png,9,45,p1,1.0,0.34405892769072016,0.5973233659551678,0.25885471389739034,False,False,81,225,0.36,8095,124.11340333539222
char09_az045_p2.png,9,45,p2,1.0,0.34405892769072016,0.5973233659551678,0.25885471389739034,False,False,66,224,0.29464285714285715,6844,126.48173582700176
char09_az090_p0.png,9,90,p0,1.0,0.34405892769072016,0.5973233659551678,0.25885471389739034,False,False,114,226,0.504424778761062,7306,121.67478784560635
char09_az090_p1.png,9,90,p1,1.0,0.34405892769072016,0.5973233659551678,0.25885471389739034,False,False,92,225,0.4088888888888889,6922,119.56529904651835
char09_az090_p2.png,9,90,p2,1.0,0.34405892769072016,0.5973233659551678,0.25885471389739034,False,False,113,221,0.5113122171945701,7144,113.35232362821948
char09_az135_p0.png,9,135,p0,1.0,0.34405892769072016,0.5973233659551678,0.25885471389739034,False,False,66,231,0.2857142857142857,7147,97.49293409822303
char09_az135_p1.png,9,135,p1,1.0,0.34405892769072016,0.5973233659551678,0.25885471389739034,False,False,99,223,0.4439461883408072,7840,94.31670918367347
char09_az135_p2.png,9,135,p2,1.0,0.34405892769072016,0.5973233659551678,0.25885471389739034,False,False,121,216,0.5601851851851852,8194,93.92726385159872
char09_az180_p0.png,9,180,p0,1.0,0.34405892769072016,0.5973233659551678,0.25885471389739034,False,False,75,225,0.3333333333333333,8285,85.14652987326494
char09_az180_p1.png,9,180,p1,1.0,0.34405892769072016,0.5973233659551678,0.25885471389739034,False,False,72,219,0.3287671232876712,8285,83.91454435727218
char09_az180_p2.png,9,180,p2,1.0,0.34405892769072016,0.5973233659551678,0.25885471389739034,False,False,77,226,0.3407079646017699,8286,83.96162201303403
char09_az225_p0.png,9,225,p0,1.0,0.34405892769072016,0.5973233659551678,0.25885471389739034,False,False,120,214,0.5607476635514018,8196,86.08443142996583
char09_az225_p1.png,9,225,p1,1.0,0.34405892769072016,0.5973233659551678,0.25885471389739034,False,False,81,225,0.36,7803,85.25451749327182
char09_az225_p2.png,9,225,p2,1.0,0.34405892769072016,0.5973233659551678,0.25885471389739034,False,False,66,230,0.28695652173913044,7152,86.46518456375838
char09_az270_p0.png,9,270,p0,1.0,0.34405892769072016,0.5973233659551678,0.25885471389739034,False,False,113,221,0.5113122171945701,7149,96.32773814519513
char09_az270_p1.png,9,270,p1,1.0,0.34405892769072016,0.5973233659551678,0.25885471389739034,False,False,92,223,0.4125560538116592,6636,99.84116937914406
char09_az270_p2.png,9,270,p2,1.0,0.34405892769072016,0.5973233659551678,0.25885471389739034,False,False,113,226,0.5,7300,97.9145205479452
char09_az315_p0.png,9,315,p0,1.0,0.34405892769072016,0.5973233659551678,0.25885471389739034,False,False,66,224,0.29464285714285715,6851,111.52590862647789
char09_az315_p1.png,9,315,p1,1.0,0.34405892769072016,0.5973233659551678,0.25885471389739034,False,False,99,215,0.4604651162790698,8073,107.7833519137867
char09_az315_p2.png,9,315,p2,1.0,0.34405892769072016,0.5973233659551678,0.25885471389739034,False,False,121,214,0.5654205607476636,8505,103.66349206349206
char10_az000_p0.png,10,0,p0,0.0,0.36965857137332886,0.8327901507330373,0.5975081744897537,False,True,70,245,0.2857142857142857,9887,139.19459896834226
char10_az000_p1.png,10,0,p1,0.0,0.36965857137332886,0.8327901507330373,0.5975081744897537,False,True,69,242,0.28512396694214875,10041,138.7429538890549
char10_az000_p2.png,10,0,p2,0.0,0.36965857137332886,0.8327901507330373,0.5975081744897537,False,True,70,245,0.2857142857142857,9897,135.03708194402344
char10_az045_p0.png,10,45,p0,0.0,0.36965857137332886,0.8327901507330373,0.5975081744897537,False,True,117,234,0.5,10058,148.9108172598926
char10_az045_p1.png,10,45,p1,0.0,0.36965857137332886,0.8327901507330373,0.5975081744897537,False,True,80,248,0.3225806451612903,9779,147.75846201043052
char10_az045_p2.png,10,45,p2,0.0,0.36965857137332886,0.8327901507330373,0.5975081744897537,False,True,64,250,0.256,8239,144.83262531860663
char10_az090_p0.png,10,90,p0,0.0,0.36965857137332886,0.8327901507330373,0.5975081744897537,False,True,113,244,0.46311475409836067,8679,145.36674732111993
char10_az090_p1.png,10,90,p1,0.0,0.36965857137332886,0.8327901507330373,0.5975081744897537,False,True,84,247,0.340080971659919,8114,139.99297510475722
char10_az090_p2.png,10,90,p2,0.0,0.36965857137332886,0.8327901507330373,0.5975081744897537,False,True,113,244,0.46311475409836067,8645,139.81515326778484
char10_az135_p0.png,10,135,p0,0.0,0.36965857137332886,0.8327901507330373,0.5975081744897537,False,True,63,250,0.252,8078,117.88363456301065
char10_az135_p1.png,10,135,p1,0.0,0.36965857137332886,0.8327901507330373,0.5975081744897537,False,True,95,244,0.38934426229508196,9417,120.12413719868323
char10_az135_p2.png,10,135,p2,0.0,0.36965857137332886,0.8327901507330373,0.5975081744897537,False,True,117,236,0.4957627118644068,9997,121.98719615884765
char10_az180_p0.png,10,180,p0,0.0,0.36965857137332886,0.8327901507330373,0.5975081744897537,False,True,70,247,0.2834008097165992,9756,111.89913899138992
char10_az180_p1.png,10,180,p1,0.0,0.36965857137332886,0.8327901507330373,0.5975081744897537,False,True,69,239,0.28870292887029286,9826,110.97526969265215
char10_az180_p2.png,10,180,p2,0.0,0.36965857137332886,0.8327901507330373,0.5975081744897537,False,True,70,247,0.2834008097165992,9751,111.34488770382525
char10_az225_p0.png,10,225,p0,0.0,0.36965857137332886,0.8327901507330373,0.5975081744897537,False,True,117,236,0.4957627118644068,9993,112.50445311718202
char10_az225_p1.png,10,225,p1,0.0,0.36965857137332886,0.8327901507330373,0.5975081744897537,False,True,79,246,0.32113821138211385,9440,111.0301906779661
char10_az225_p2.png,10,225,p2,0.0,0.36965857137332886,0.8327901507330373,0.5975081744897537,False,True,63,250,0.252,8073,107.10045831784963
char10_az270_p0.png,10,270,p0,0.0,0.36965857137332886,0.8327901507330373,0.5975081744897537,False,True,113,244,0.46311475409836067,8650,120.73942196531792
char10_az270_p1.png,10,270,p1,0.0,0.36965857137332886,0.8327901507330373,0.5975081744897537,False,True,84,245,0.34285714285714286,7804,117.19284982060482
char10_az270_p2.png,10,270,p2,0.0,0.36965857137332886,0.8327901507330373,0.5975081744897537,False,True,113,245,0.46122448979591835,8670,120.02226066897347
char10_az315_p0.png,10,315,p0,0.0,0.36965857137332886,0.8327901507330373,0.5975081744897537,False,True,64,249,0.2570281124497992,8234,124.59400048579063
char10_az315_p1.png,10,315,p1,0.0,0.36965857137332886,0.8327901507330373,0.5975081744897537,False,True,96,238,0.40336134453781514,9717,126.64165894823505
char10_az315_p2.png,10,315,p2,0.0,0.36965857137332886,0.8327901507330373,0.5975081744897537,False,True,118,234,0.5042735042735043,10057,125.1303569652978
char11_az000_p0.png,11,0,p0,1.0,0.5543521157298403,0.44342113258199806,0.6518355848618975,True,False,94,301,0.3122923588039867,14276,116.22289156626506
char11_az000_p1.png,11,0,p1,1.0,0.5543521157298403,0.44342113258199806,0.6518355848618975,True,False,87,297,0.29292929292929293,14506,115.58162139804219
char11_az000_p2.png,11,0,p2,1.0,0.5543521157298403,0.44342113258199806,0.6518355848618975,True,False,94,301,0.3122923588039867,14282,111.52856742753116
char11_az045_p0.png,11,45,p0,1.0,0.5543521157298403,0.44342113258199806,0.6518355848618975,True,False,160,288,0.5555555555555556,14511,125.35283577975329
char11_az045_p1.png,11,45,p1,1.0,0.5543521157298403,0.44342113258199806,0.6518355848618975,True,False,107,304,0.3519736842105263,13767,123.36928887920389
char11_az045_p2.png,11,45,p2,1.0,0.5543521157298403,0.44342113258199806,0.6518355848618975,True,False,85,303,0.28052805280528054,11655,120.3956241956242
char11_az090_p0.png,11,90,p0,1.0,0.5543521157298403,0.44342113258199806,0.6518355848618975,True,False,151,301,0.5016611295681063,12579,123.04110024644248
char11_az090_p1.png,11,90,p1,1.0,0.5543521157298403,0.44342113258199806,0.6518355848618975,True,False,123,301,0.40863787375415284,11586,117.11125496288624
char11_az090_p2.png,11,90,p2,1.0,0.5543521157298403,0.44342113258199806,0.6518355848618975,True,False,151,295,0.511864406779661,12312,118.50414230019493
char11_az135_p0.png,11,135,p0,1.0,0.5543521157298403,0.44342113258199806,0.6518355848618975,True,False,85,306,0.2777777777777778,11307,101.6879808967896
char11_az135_p1.png,11,135,p1,1.0,0.5543521157298403,0.44342113258199806,0.6518355848618975,True,False,129,295,0.43728813559322033,13160,104.39399696048632
char11_az135_p2.png,11,135,p2,1.0,0.5543521157298403,0.44342113258199806,0.6518355848618975,True,False,160,283,0.5653710247349824,13720,103.15626822157435
char11_az180_p0.png,11,180,p0,1.0,0.5543521157298403,0.44342113258199806,0.6518355848618975,True,False,94,298,0.31543624161073824,13668,95.6317676324261
char11_az180_p1.png,11,180,p1,1.0,0.5543521157298403,0.44342113258199806,0.6518355848618975,True,False,87,289,0.30103806228373703,13731,94.48969485106693
char11_az180_p2.png,11,180,p2,1.0,0.5543521157298403,0.44342113258199806,0.6518355848618975,True,False,94,299,0.31438127090301005,13670,94.10409656181419
char11_az225_p0.png,11,225,p0,1.0,0.5543521157298403,0.44342113258199806,0.6518355848618975,True,False,160,283,0.5653710247349824,13718,94.99110657530252
char11_az225_p1.png,11,225,p1,1.0,0.5543521157298403,0.44342113258199806,0.6518355848618975,True,False,108,298,0.3624161073825503,13136,95.12515225334957
char11_az225_p2.png,11,225,p2,1.0,0.5543521157298403,0.44342113258199806,0.6518355848618975,True,False,85,306,0.2777777777777778,11293,90.52032232356326
char11_az270_p0.png,11,270,p0,1.0,0.5543521157298403,0.44342113258199806,0.6518355848618975,True,False,151,295,0.511864406779661,12318,101.8375547978568
char11_az270_p1.png,11,270,p1,1.0,0.5543521157298403,0.44342113258199806,0.6518355848618975,True,False,123,299,0.411371237458194,11208,95.47930049964312
char11_az270_p2.png,11,270,p2,1.0,0.5543521157298403,0.44342113258199806,0.6518355848618975,True,False,151,301,0.5016611295681063,12575,99.27077534791252
char11_az315_p0.png,11,315,p0,1.0,0.5543521157298403,0.44342113258199806,0.6518355848618975,True,False,86,303,0.2838283828382838,11655,105.67824967824968
char11_az315_p1.png,11,315,p1,1.0,0.5543521157298403,0.44342113258199806,0.6518355848618975,True,False,129,292,0.4417808219178082,13661,107.18688236585902
char11_az315_p2.png,11,315,p2,1.0,0.5543521157298403,0.44342113258199806,0.6518355848618975,True,False,160,288,0.5555555555555556,14514,104.37673969960039
